,invalid
0,11
1,18
2,911
3,915
4,922
5,953
6,956
7,5021
8,7166
9,7169
10,7171
11,7224
12,8986
13,8988
14,10435
15,12571
16,12767
17,12768
18,12769
19,12775
20,13223
21,13227
22,23925
23,25022
24,26319
25,26332
26,27873
27,38861
28,40311
29,41119
30,41745
31,43735
32,55714
33,55715
34,55716
35,55717
36,55718
37,55719
38,55737
39,55738
40,55739
41,55740
42,55741
43,55742
44,55743
45,55744
46,55745
47,55746
48,59512
49,59513
50,59515
51,60874
52,62665
53,64323
54,66318
55,66421
56,66449
57,69037
58,71560
59,71720
60,74632
61,75772
62,75831
63,75893
64,76336
65,76870
66,76871
67,76930
68,77107
69,77195
70,77806
71,77809
72,79783
73,79785
74,79787
75,79789
76,79796
77,79797
78,79801
79,79806
80,79815
81,79818
82,79820
83,79821
84,79822
85,79826
86,79827
87,79829
88,79831
89,79833
90,80440
91,80446
92,80450
93,80730
94,86235
95,86258
96,86260
97,86262
98,86269
99,86304
100,86307
101,86308
102,86336
103,86366
104,86367
105,86369
106,86370
107,86371
108,86374
109,86375
110,86376
111,86377
112,86378
113,86379
114,86381
115,86769
116,87064
117,87350
118,87602
119,87603
120,87605
121,87610
122,87611
123,87619
124,87620
125,87638
126,87684
127,87686
128,87688
129,87689
130,87690
131,87693
132,87702
133,87703
134,87718
135,87720
136,87721
137,87722
138,87723
139,87724
140,87732
141,87736
142,87737
143,87738
144,87739
145,87740
146,87741
147,87742
148,87743
149,87744
150,87745
151,87746
152,87765
153,87767
154,87769
155,87794
156,87797
157,87800
158,87801
159,87802
160,87803
161,87804
162,87805
163,87806
164,87807
165,87808
166,87809
167,87810
168,87811
169,87812
170,87814
171,87815
172,87816
173,87828
174,87864
175,87865
176,87866
177,87869
178,87870
179,87871
180,87878
181,87893
182,87958
183,88030
184,88031
185,88032
186,88033
187,88034
188,88043
189,88078
190,88079
191,90896
192,91290
193,91344
194,91345
195,91349
196,91350
197,91351
198,91357
199,91380
200,91396
201,91518
202,91521
203,92415
204,92699
205,92723
206,92831
207,92856
208,92865
209,92874
210,92877
211,92882
212,93339
213,93646
214,97258
215,97259
216,97260
217,98271
218,98274
219,98324
220,98509
221,101896
222,102013
223,102031
224,102934
225,102939
226,102990
227,103003
228,103009
229,103443
230,103975
231,103976
232,104017
233,108718
234,109164
235,109193
236,112115
237,112117
238,112118
239,112234
240,112305
241,113235
242,113238
243,113239
244,113335
245,113394
246,113398
247,113425
248,119687
249,119768
250,119783
251,121815
252,122176
253,123747
254,123748
255,123749
256,123750
257,123751
258,123752
259,123753
260,123754
261,123755
262,123756
263,123835
264,125767
265,126177
266,127363
267,128555
268,132071
269,132204
270,132430
271,132806
272,132911
273,133311
274,133776
275,134108
276,134372
277,134374
278,134704
279,134757
280,137118
281,137128
282,137140
283,137151
284,137216
285,137230
286,137252
287,137346
288,137374
289,137377
290,137734
291,137747
292,139422
293,143761
294,143762
295,144407
296,144428
297,144641
298,146415
299,147208
300,147558
301,147716
302,148325
303,148332
304,149153
305,153475
306,167703
307,169606
308,170402
309,173365
310,173878
311,174351
312,174352
313,174354
314,174361
315,174363
316,174399
317,174701
318,175017
319,175614
320,175615
321,175616
322,177978
323,178003
324,178012
325,178224
326,178227
327,178314
328,178625
329,178815
330,179572
331,180379
332,180380
333,180405
334,180409
335,180430
336,180431
337,180432
338,180434
339,180440
340,180445
341,180446
342,180447
343,181012
344,181753
345,182244
346,182252
347,182287
348,182302
349,182852
350,183108
351,183303
352,183307
353,183806
354,183834
355,183858
356,184106
357,185241
358,187803
359,188611
360,188720
361,188721
362,188838
363,188889
364,191159
365,191177
366,195299
367,195439
368,196946
369,197481
370,202583
371,202776
372,218117
373,218128
374,219715
375,219721
376,220055
377,220081
378,221289
379,227634
380,231074
381,231080
382,231770
383,231897
384,232092
385,232275
386,232943
387,233529
388,235334
389,236461
390,238560
391,239994
392,247329
393,247330
394,250877
395,254907
396,255569
397,255595
398,266427
399,271128
400,272515
401,274458
402,284177
403,285951
404,285952
405,285963
406,285966
407,285967
408,285977
409,285978
410,286031
411,286067
412,286068
413,286069
414,286081
415,286086
416,286088
417,286090
418,286091
419,286093
420,286094
421,286125
422,286128
423,286131
424,286135
425,286137
426,286138
427,286140
428,286143
429,286144
430,286146
431,286151
432,286156
433,286158
434,286161
435,286165
436,286166
437,286169
438,286272
439,286274
440,286276
441,286424
442,288527
443,288571
444,288578
445,288596
446,288607
447,288608
448,288610
449,288612
450,288614
451,290105
452,290264
453,291266
454,291268
455,291738
456,293283
457,293492
458,295901
459,299148
460,303067
461,303071
462,303084
463,303098
464,303196
465,303197
466,303199
467,303200
468,303201
469,303202
470,303203
471,303204
472,303205
473,303206
474,303207
475,303208
476,303211
477,303212
478,303213
479,303214
480,303215
481,303216
482,303218
483,303235
484,303262
485,303263
486,303264
487,303265
488,303266
489,303267
490,303268
491,303269
492,303270
493,303271
494,303273
495,303274
496,303275
497,303276
498,303277
499,303278
500,303279
501,303280
502,303281
503,303282
504,303283
505,303284
506,303286
507,303287
508,303288
509,303354
510,303358
511,303359
512,303360
513,303361
514,303362
515,303364
516,303365
517,303366
518,303367
519,303368
520,303369
521,303370
522,303371
523,303372
524,303373
525,303374
526,303375
527,303376
528,303377
529,303378
530,303379
531,303380
532,303394
533,303395
534,303396
535,303397
536,303399
537,303400
538,303402
539,303428
540,303429
541,303430
542,303431
543,303458
544,303459
545,303540
546,303899
547,303901
548,303903
549,303905
550,303907
551,303908
552,303914
553,303917
554,303939
555,305921
556,311135
557,311671
558,311692
559,311800
560,312111
561,312135
562,312140
563,312161
564,327059
565,327601
566,327617
567,327767
568,327815
569,327816
570,334984
571,335216
572,337633
573,337704
574,338755
575,339928
576,339956
577,340075
578,340076
579,344471
580,349329
581,357312
582,357369
583,365725
584,366229
585,367329
586,372173
587,372546
588,372550
589,378836
590,378837
591,379316
592,379866
593,381003
594,381682
595,381725
596,381742
597,381747
598,381810
599,381812
600,381835
601,381839
602,381842
603,382013
604,382036
605,384843
606,385964
607,386322
608,386323
609,386324
610,386325
611,386326
612,386327
613,386328
614,386329
615,386330
616,386331
617,386332
618,386333
619,386334
620,386335
621,386336
622,386337
623,386338
624,386339
625,386340
626,386341
627,386342
628,386344
629,386345
630,386347
631,386348
632,386349
633,386350
634,386351
635,386352
636,386353
637,386354
638,386356
639,386372
640,386375
641,386376
642,386377
643,386378
644,386379
645,386380
646,386382
647,386383
648,386384
649,386385
650,386386
651,386387
652,386389
653,386390
654,386391
655,386392
656,386393
657,386394
658,386395
659,386396
660,386397
661,386398
662,386405
663,386406
664,386408
665,386409
666,386410
667,386417
668,386427
669,386428
670,386429
671,386430
672,386431
673,386432
674,386433
675,386434
676,386435
677,386436
678,386437
679,386438
680,386439
681,386440
682,386441
683,386442
684,386443
685,386444
686,386445
687,386446
688,386447
689,386448
690,386449
691,386450
692,386451
693,386452
694,386454
695,386455
696,386456
697,386457
698,386458
699,386459
700,386460
701,386461
702,387253
703,387319
704,387923
705,388066
706,388307
707,390634
708,390648
709,390649
710,392243
711,395735
712,397950
713,397951
714,397953
715,397954
716,397957
717,397958
718,397960
719,397962
720,397963
721,397972
722,397974
723,397976
724,397978
725,397979
726,397980
727,397982
728,397983
729,397984
730,397985
731,397987
732,397988
733,397989
734,397991
735,397992
736,397993
737,397994
738,397996
739,397998
740,398051
741,398052
742,398080
743,398081
744,398083
745,398084
746,398118
747,398121
748,398122
749,398125
750,398130
751,398131
752,398140
753,398150
754,398181
755,398191
756,398207
757,398208
758,398210
759,398211
760,398213
761,398214
762,398229
763,398230
764,398236
765,398237
766,398239
767,398240
768,398241
769,398243
770,398244
771,398247
772,398249
773,398250
774,398252
775,398253
776,398255
777,398256
778,398260
779,398261
780,398263
781,398264
782,398266
783,398267
784,398268
785,398270
786,398272
787,398273
788,398277
789,398279
790,398280
791,398282
792,398284
793,398285
794,398291
795,398292
796,398295
797,398300
798,398302
799,398304
800,398306
801,405412
802,406225
803,407682
804,407685
805,407690
806,407797
807,407882
808,407896
809,407897
810,407898
811,407899
812,407900
813,407901
814,407902
815,407903
816,407904
817,407905
818,407906
819,407907
820,407908
821,407909
822,407910
823,407911
824,408099
825,410872
826,411027
827,411028
828,411209
829,411494
830,411767
831,412391
832,412473
833,412474
834,412606
835,412676
836,413880
837,413896
838,413907
839,413991
840,414701
841,414791
842,418229
843,419860
844,420611
845,420628
846,420787
847,423871
848,423905
849,424038
850,424203
851,424221
852,429947
853,429948
854,431220
855,432431
856,443265
857,443273
858,443526
859,443570
860,443599
861,449983
862,450032
863,450033
864,450049
865,450050
866,450993
867,458026
868,459046
869,470945
870,471912
871,472848
872,475112
873,476534
874,478154
875,478297
876,478299
877,483822
878,484275
879,485563
880,488647
881,490200
882,491600
883,495238
884,496388
885,496389
886,496391
887,496393
888,496398
889,496404
890,496409
891,496411
892,496496
893,496797
894,496798
895,496927
896,497096
897,497195
898,497196
899,497197
900,497565
901,497702
902,498015
903,498037
904,499413
905,500874
906,500900
907,501058
908,501141
909,501494
910,501772
911,501773
912,501774
913,503497
914,503846
915,509076
916,509113
917,509133
918,509135
919,509185
920,509186
921,509187
922,509188
923,509189
924,509191
925,509192
926,509225
927,509487
928,512888
929,520562
930,521933
931,534791
932,534796
933,534801
934,534802
935,534810
936,534817
937,534820
938,534823
939,534835
940,534853
941,534867
942,534869
943,534870
944,534874
945,534875
946,534881
947,534886
948,534906
949,534907
950,534910
951,534913
952,534917
953,534925
954,534927
955,534928
956,534930
957,534931
958,534936
959,534939
960,534940
961,534941
962,534947
963,534949
964,534950
965,534955
966,534956
967,534958
968,534959
969,534960
970,534961
971,534962
972,534964
973,534965
974,534966
975,534967
976,534968
977,534970
978,534971
979,534972
980,534973
981,534974
982,534975
983,534976
984,534977
985,534978
986,534979
987,534980
988,534981
989,534982
990,534983
991,534984
992,534986
993,535068
994,535480
995,550528
996,569507
997,570502
998,570532
999,570590
1000,570696
1001,570697
1002,570698
1003,570699
1004,570700
1005,570701
1006,570703
1007,570712
1008,570738
1009,570758
1010,570760
1011,570761
1012,570762
1013,570763
1014,570764
1015,571337
1016,571689
1017,575110
1018,576286
1019,576364
1020,578187
1021,579708
1022,580210
1023,581994
1024,581995
1025,582396
1026,582406
1027,582407
1028,582416
1029,582418
1030,587709
1031,587958
1032,588839
1033,588954
1034,588955
1035,589517
1036,590521
1037,590601
1038,596401
1039,597970
1040,605575
1041,609089
1042,609090
1043,609091
1044,609092
1045,609093
1046,609094
1047,610590
1048,611083
1049,611801
1050,611802
1051,612066
1052,612069
1053,612070
1054,612072
1055,612124
1056,612134
1057,612142
1058,612178
1059,612183
1060,612250
1061,612253
1062,612265
1063,612287
1064,612293
1065,612295
1066,612307
1067,612314
1068,612344
1069,613277
1070,613294
1071,613962
1072,614002
1073,614006
1074,614070
1075,619104
1076,634233
1077,635005
1078,637537
1079,640100
1080,643984
1081,655200
1082,655699
1083,656406
1084,656994
1085,658311
1086,658805
1087,658909
1088,658912
1089,659051
1090,659119
1091,659276
1092,659694
1093,661036
1094,661390
1095,662429
1096,662430
1097,662433
1098,662778
1099,673557
1100,674102
1101,675009
1102,680607
1103,684342
1104,685395
1105,685405
1106,685408
1107,686401
1108,686461
1109,687365
1110,700366
1111,700367
1112,700383
1113,701762
1114,701791
1115,715310
1116,716382
1117,726233
1118,727593
1119,728542
1120,733503
1121,733591
1122,737265
1123,737308
1124,738034
1125,743111
1126,743141
1127,755726
1128,762676
1129,763696
1130,763803
1131,766244
1132,768296
1133,773662
1134,773904
1135,774559
1136,775948
1137,779576
1138,779582
1139,779586
1140,779591
1141,779600
1142,779601
1143,779606
1144,779674
1145,779687
1146,779688
1147,779689
1148,779701
1149,779741
1150,779748
1151,779751
1152,779752
1153,779756
1154,779760
1155,779766
1156,779771
1157,779803
1158,781686
1159,787090
1160,789031
1161,790847
1162,796173
1163,799140
1164,799141
1165,799205
1166,801276
1167,801530
1168,801720
1169,801988
1170,802716
1171,802752
1172,803011
1173,803661
1174,803716
1175,803717
1176,805359
1177,805369
1178,805930
1179,807419
1180,809738
1181,812272
1182,813844
1183,814874
1184,815057
1185,815058
1186,815059
1187,815060
1188,815061
1189,815280
1190,815301
1191,815302
1192,815424
1193,815741
1194,815899
1195,815902
1196,816090
1197,816118
1198,816123
1199,816238
1200,816927
1201,816932
1202,816933
1203,816934
1204,816935
1205,816936
1206,816937
1207,817016
1208,817030
1209,820323
1210,820518
1211,820519
1212,820520
1213,820521
1214,820522
1215,820523
1216,820525
1217,820526
1218,820527
1219,820531
1220,820533
1221,820534
1222,820537
1223,820545
1224,820548
1225,820549
1226,820550
1227,820551
1228,820552
1229,820553
1230,820558
1231,820565
1232,820575
1233,820577
1234,820639
1235,820640
1236,820641
1237,820644
1238,820646
1239,820647
1240,820648
1241,820649
1242,820650
1243,820652
1244,820653
1245,820654
1246,820656
1247,820675
1248,821259
1249,821823
1250,821824
1251,821829
1252,822258
1253,822791
1254,824868
1255,825932
1256,828160
1257,828978
1258,829043
1259,839253
1260,842917
1261,843175
1262,843179
1263,843181
1264,843183
1265,843191
1266,843289
1267,843292
1268,843293
1269,843301
1270,843312
1271,843314
1272,843622
1273,844321
1274,845196
1275,845202
1276,845663
1277,847980
1278,848416
1279,850263
1280,856330
1281,858134
1282,858247
1283,858249
1284,858374
1285,858459
1286,858653
1287,858878
1288,858887
1289,858889
1290,858940
1291,859192
1292,859366
1293,859945
1294,860212
1295,860246
1296,860247
1297,860353
1298,860762
1299,860772
1300,862137
1301,862524
1302,862525
1303,862526
1304,862527
1305,862529
1306,862531
1307,862535
1308,862536
1309,862548
1310,862549
1311,862636
1312,862638
1313,862639
1314,862641
1315,862718
1316,862728
1317,862729
1318,862747
1319,862748
1320,862749
1321,862750
1322,862751
1323,862752
1324,862753
1325,862754
1326,862755
1327,862756
1328,862757
1329,862761
1330,862796
1331,862984
1332,862985
1333,863015
1334,863016
1335,863017
1336,863020
1337,863021
1338,863022
1339,863023
1340,863024
1341,863037
1342,863077
1343,863078
1344,863079
1345,863090
1346,863091
1347,863093
1348,863106
1349,863107
1350,863706
1351,863907
1352,864425
1353,864456
1354,864467
1355,865499
1356,865896
1357,866589
1358,873455
1359,873525
1360,873543
1361,873752
1362,874565
1363,877003
1364,878314
1365,880858
1366,881603
1367,886844
1368,890396
1369,890407
1370,890482
1371,890494
1372,893247
1373,899608
1374,900108
1375,900859
1376,901093
1377,905256
1378,905257
1379,905284
1380,905288
1381,905289
1382,905754
1383,905755
1384,905764
1385,905810
1386,905813
1387,905843
1388,905900
1389,905901
1390,905926
1391,905927
1392,905929
1393,905930
1394,905955
1395,905956
1396,905957
1397,905958
1398,905962
1399,905964
1400,905965
1401,905966
1402,905967
1403,905969
1404,906003
1405,906030
1406,906031
1407,906032
1408,906033
1409,906043
1410,906045
1411,906048
1412,906051
1413,906052
1414,906053
1415,906054
1416,906055
1417,906056
1418,906057
1419,906058
1420,906059
1421,906060
1422,906171
1423,906173
1424,906223
1425,906226
1426,906233
1427,906234
1428,906360
1429,906447
1430,906503
1431,906660
1432,907440
1433,907442
1434,907464
1435,907465
1436,907466
1437,907467
1438,907468
1439,907469
1440,907470
1441,907471
1442,907472
1443,907473
1444,907474
1445,907475
1446,907476
1447,907477
1448,907478
1449,907479
1450,907480
1451,907481
1452,907482
1453,907483
1454,907484
1455,907485
1456,907486
1457,907487
1458,907488
1459,907489
1460,907541
1461,907542
1462,907543
1463,907605
1464,907607
1465,907608
1466,907609
1467,907610
1468,907611
1469,907612
1470,907613
1471,907614
1472,907615
1473,907616
1474,907617
1475,907618
1476,913882
1477,913883
1478,914411
1479,914499
1480,915944
1481,923569
1482,923784
1483,924017
1484,924457
1485,929261
1486,931698
1487,931700
1488,932373
1489,933466
1490,941501
1491,942594
1492,942703
1493,942730
1494,942735
1495,942797
1496,942819
1497,942822
1498,942879
1499,942903
1500,942926
1501,942934
1502,943126
1503,943191
1504,943220
1505,943778
1506,943838
1507,943893
1508,943944
1509,945568
1510,947228
1511,948715
1512,948724
1513,948732
1514,948736
1515,948743
1516,948745
1517,948782
1518,948783
1519,948784
1520,948785
1521,948786
1522,948810
1523,948825
1524,948835
1525,948836
1526,948839
1527,948842
1528,948843
1529,948849
1530,948855
1531,948857
1532,948861
1533,948880
1534,948886
1535,948887
1536,948925
1537,948926
1538,948944
1539,949714
1540,952096
1541,953370
1542,957893
1543,957894
1544,958741
1545,959394
1546,960614
1547,965795
1548,967112
1549,967735
1550,970744
1551,970815
1552,971499
1553,971704
1554,974636
1555,974637
1556,975083
1557,975244
1558,975282
1559,975326
1560,975330
1561,975934
1562,975935
1563,976198
1564,976765
1565,976772
1566,976797
1567,976821
1568,976822
1569,976823
1570,976824
1571,976829
1572,976835
1573,978329
1574,978669
1575,978672
1576,983258
1577,984399
1578,984447
1579,987214
1580,993784
1581,993786
1582,995939
1583,996594
1584,998773
1585,999674
1586,1000777
1587,1004153
1588,1004400
1589,1004730
1590,1007238
1591,1007239
1592,1016149
1593,1016182
1594,1016183
1595,1016184
1596,1016218
1597,1016219
1598,1016241
1599,1019970
1600,1027490
1601,1028544
1602,1028545
1603,1028704
1604,1028729
1605,1028765
1606,1028766
1607,1029630
1608,1029650
1609,1029651
1610,1029654
1611,1029655
1612,1029884
1613,1029937
1614,1029938
1615,1029945
1616,1029946
1617,1029978
1618,1029991
1619,1029994
1620,1029995
1621,1029996
1622,1029997
1623,1029998
1624,1030000
1625,1030005
1626,1030134
1627,1030409
1628,1030441
1629,1030445
1630,1030447
1631,1030449
1632,1030450
1633,1030451
1634,1030455
1635,1031246
1636,1033470
1637,1035207
1638,1035241
1639,1035411
1640,1035413
1641,1036318
1642,1036414
1643,1041319
1644,1041430
1645,1041858
1646,1042118
1647,1044639
1648,1046844
1649,1046845
1650,1047353
1651,1047359
1652,1047365
1653,1047367
1654,1047377
1655,1047458
1656,1047461
1657,1047463
1658,1047466
1659,1047710
1660,1047734
1661,1047737
1662,1047865
1663,1047959
1664,1047966
1665,1047998
1666,1048007
1667,1048400
1668,1048646
1669,1048648
1670,1049117
1671,1049128
1672,1049135
1673,1049149
1674,1049638
1675,1049976
1676,1049977
1677,1049978
1678,1049979
1679,1050047
1680,1050049
1681,1050534
1682,1050574
1683,1050576
1684,1050610
1685,1056130
1686,1056363
1687,1063220
1688,1067641
1689,1068552
1690,1069824
1691,1070313
1692,1070314
1693,1070315
1694,1070316
1695,1070317
1696,1070318
1697,1070319
1698,1070320
1699,1070321
1700,1070324
1701,1072602
1702,1072609
1703,1072613
1704,1072614
1705,1072615
1706,1072616
1707,1072617
1708,1072618
1709,1072619
1710,1072622
1711,1072637
1712,1072647
1713,1076122
1714,1078110
1715,1078179
1716,1081830
1717,1083987
1718,1090810
1719,1090878
1720,1090879
1721,1090896
1722,1090897
1723,1091094
1724,1091096
1725,1091097
1726,1091098
1727,1091100
1728,1101562
1729,1101577
1730,1105091
1731,1105125
1732,1105210
1733,1105422
1734,1105472
1735,1105478
1736,1110085
1737,755
1738,1351
1739,1353
1740,1379
1741,1560
1742,1571
1743,1574
1744,17092
1745,17094
1746,17095
1747,17098
1748,17628
1749,26071
1750,27215
1751,27216
1752,27247
1753,27248
1754,27254
1755,29501
1756,29591
1757,29592
1758,29593
1759,29594
1760,29595
1761,29596
1762,29597
1763,29598
1764,29599
1765,29600
1766,29601
1767,29602
1768,33936
1769,33939
1770,33940
1771,34564
1772,34565
1773,34566
1774,34567
1775,35786
1776,36476
1777,36484
1778,36537
1779,36542
1780,36550
1781,36551
1782,36577
1783,36585
1784,36589
1785,36590
1786,36591
1787,39356
1788,40202
1789,42660
1790,42743
1791,42780
1792,42791
1793,45009
1794,45010
1795,48717
1796,48718
1797,48719
1798,48865
1799,48866
1800,48867
1801,48868
1802,48869
1803,48870
1804,48871
1805,48872
1806,48873
1807,48875
1808,48876
1809,48877
1810,48878
1811,48879
1812,48880
1813,48881
1814,48882
1815,48883
1816,48884
1817,48885
1818,48886
1819,48887
1820,48888
1821,48889
1822,48890
1823,48891
1824,48893
1825,48894
1826,48895
1827,48896
1828,48897
1829,48898
1830,48899
1831,48901
1832,48902
1833,48903
1834,48904
1835,48905
1836,48906
1837,48907
1838,48909
1839,48910
1840,48924
1841,48925
1842,48926
1843,49671
1844,52139
1845,52151
1846,52509
1847,52614
1848,52615
1849,52704
1850,52713
1851,52714
1852,52899
1853,52900
1854,52902
1855,52903
1856,52904
1857,52906
1858,52907
1859,52908
1860,52910
1861,52911
1862,52912
1863,52913
1864,52914
1865,52915
1866,52916
1867,52917
1868,52919
1869,52920
1870,52936
1871,52937
1872,52938
1873,52939
1874,52940
1875,52942
1876,52943
1877,52944
1878,52945
1879,52946
1880,52947
1881,52948
1882,52949
1883,52950
1884,52951
1885,52952
1886,52953
1887,52954
1888,52955
1889,52956
1890,52957
1891,52958
1892,52959
1893,52960
1894,52961
1895,52962
1896,52963
1897,52965
1898,52966
1899,52967
1900,52969
1901,52970
1902,52971
1903,52972
1904,52973
1905,52976
1906,52978
1907,52979
1908,53024
1909,53025
1910,53026
1911,53057
1912,54108
1913,54479
1914,54484
1915,54492
1916,54494
1917,54515
1918,54517
1919,54521
1920,54522
1921,54523
1922,54637
1923,54779
1924,54875
1925,54876
1926,54878
1927,54918
1928,54919
1929,54925
1930,54927
1931,54929
1932,55033
1933,56237
1934,56238
1935,56289
1936,57169
1937,57175
1938,58668
1939,58671
1940,58674
1941,58677
1942,58678
1943,58679
1944,58680
1945,58681
1946,58682
1947,58683
1948,58684
1949,58685
1950,58686
1951,58687
1952,58688
1953,58689
1954,58690
1955,58691
1956,58692
1957,58693
1958,58694
1959,58695
1960,58696
1961,58697
1962,58704
1963,58705
1964,58706
1965,58707
1966,58708
1967,58715
1968,58717
1969,58718
1970,58722
1971,58725
1972,58727
1973,58728
1974,58729
1975,58730
1976,58731
1977,58732
1978,58733
1979,59387
1980,59706
1981,59727
1982,59787
1983,60021
1984,60534
1985,60535
1986,60540
1987,60541
1988,60542
1989,60543
1990,60544
1991,60546
1992,60547
1993,60548
1994,60549
1995,60550
1996,60551
1997,60552
1998,60553
1999,60554
2000,60555
2001,60556
2002,60557
2003,60560
2004,60561
2005,60562
2006,60563
2007,60564
2008,60565
2009,60566
2010,60567
2011,60568
2012,60570
2013,60571
2014,60572
2015,60573
2016,60574
2017,60575
2018,60576
2019,60577
2020,60580
2021,62442
2022,62455
2023,62457
2024,62530
2025,62560
2026,62561
2027,63253
2028,63949
2029,63950
2030,63951
2031,64218
2032,64287
2033,64288
2034,64289
2035,64290
2036,64427
2037,64926
2038,64981
2039,66049
2040,66050
2041,66051
2042,66052
2043,66053
2044,66054
2045,70805
2046,70806
2047,70810
2048,70818
2049,70820
2050,70821
2051,70822
2052,70823
2053,70840
2054,70841
2055,70846
2056,70847
2057,70849
2058,70850
2059,70894
2060,70920
2061,70940
2062,70941
2063,70954
2064,70962
2065,70965
2066,70966
2067,85847
2068,85848
2069,85867
2070,85877
2071,85879
2072,85883
2073,85914
2074,85915
2075,85917
2076,85918
2077,85919
2078,85920
2079,94620
2080,94621
2081,94622
2082,94623
2083,94624
2084,94625
2085,94626
2086,94627
2087,94628
2088,94629
2089,94630
2090,94631
2091,94632
2092,94633
2093,94634
2094,94635
2095,94636
2096,94637
2097,94638
2098,94639
2099,94640
2100,94641
2101,94642
2102,94643
2103,94644
2104,94645
2105,94646
2106,94647
2107,94648
2108,94649
2109,94650
2110,94651
2111,94652
2112,94653
2113,94654
2114,98032
2115,98099
2116,99836
2117,99909
2118,99933
2119,102317
2120,102648
2121,102661
2122,115404
2123,115614
2124,119056
2125,119180
2126,119184
2127,119188
2128,119191
2129,120451
2130,120452
2131,120453
2132,120454
2133,120455
2134,120456
2135,120457
2136,120458
2137,120459
2138,120460
2139,120461
2140,120462
2141,120463
2142,120464
2143,120465
2144,120466
2145,120467
2146,120468
2147,120469
2148,120470
2149,120471
2150,120472
2151,120473
2152,120474
2153,120475
2154,120476
2155,120477
2156,120478
2157,120479
2158,120480
2159,120481
2160,120482
2161,120483
2162,120484
2163,120485
2164,120486
2165,120487
2166,120488
2167,120489
2168,120490
2169,120491
2170,120492
2171,120493
2172,120494
2173,120495
2174,120496
2175,120497
2176,120498
2177,120499
2178,120500
2179,120501
2180,120502
2181,120503
2182,120504
2183,120505
2184,120506
2185,120507
2186,120508
2187,120509
2188,120510
2189,120511
2190,120512
2191,120513
2192,120514
2193,120515
2194,120516
2195,120517
2196,120518
2197,120519
2198,120520
2199,120521
2200,120522
2201,120523
2202,120524
2203,120525
2204,120526
2205,120527
2206,120528
2207,120529
2208,120530
2209,120531
2210,120532
2211,120533
2212,120534
2213,120535
2214,120536
2215,120537
2216,120538
2217,123432
2218,123434
2219,127224
2220,135872
2221,135877
2222,135878
2223,135880
2224,135881
2225,135882
2226,135884
2227,135886
2228,135899
2229,135901
2230,135906
2231,135924
2232,137083
2233,137084
2234,137085
2235,137086
2236,137179
2237,137417
2238,137418
2239,137419
2240,137420
2241,137421
2242,137903
2243,138222
2244,138223
2245,138224
2246,138254
2247,138255
2248,138330
2249,138331
2250,138332
2251,138333
2252,138334
2253,138335
2254,138336
2255,138337
2256,138338
2257,138339
2258,139386
2259,139387
2260,139450
2261,141550
2262,141609
2263,143146
2264,146280
2265,148201
2266,148265
2267,148266
2268,148269
2269,148721
2270,148722
2271,148725
2272,148765
2273,148773
2274,148863
2275,148864
2276,148865
2277,148866
2278,148867
2279,148868
2280,148869
2281,148870
2282,148871
2283,148872
2284,148873
2285,148874
2286,148875
2287,148876
2288,148877
2289,148878
2290,148879
2291,148880
2292,148881
2293,148882
2294,148883
2295,148886
2296,148887
2297,148888
2298,148889
2299,148891
2300,148892
2301,148893
2302,148894
2303,148895
2304,148896
2305,148897
2306,148898
2307,148899
2308,148900
2309,148901
2310,148902
2311,148903
2312,148904
2313,148905
2314,148906
2315,148907
2316,148909
2317,148910
2318,148912
2319,148913
2320,148914
2321,148915
2322,148919
2323,148920
2324,148921
2325,148922
2326,148923
2327,148924
2328,148925
2329,148926
2330,148927
2331,148928
2332,149179
2333,149379
2334,154848
2335,154863
2336,154864
2337,157736
2338,157803
2339,162708
2340,162709
2341,162733
2342,164976
2343,164977
2344,166635
2345,166637
2346,166638
2347,166639
2348,166644
2349,166645
2350,166647
2351,166650
2352,166945
2353,166946
2354,166947
2355,166948
2356,166949
2357,166950
2358,166951
2359,166985
2360,166986
2361,167017
2362,167018
2363,167019
2364,167020
2365,167021
2366,167022
2367,167023
2368,167024
2369,167026
2370,167027
2371,167028
2372,167029
2373,167030
2374,167031
2375,167032
2376,167033
2377,167034
2378,168110
2379,168111
2380,168112
2381,168113
2382,168114
2383,168115
2384,168116
2385,168117
2386,168118
2387,168119
2388,168120
2389,168121
2390,168122
2391,168124
2392,168125
2393,168127
2394,168128
2395,168129
2396,168139
2397,168141
2398,168142
2399,168152
2400,168155
2401,168157
2402,168158
2403,168159
2404,168160
2405,168161
2406,168162
2407,168163
2408,168165
2409,168166
2410,168167
2411,168168
2412,168169
2413,168172
2414,168358
2415,168934
2416,169271
2417,171283
2418,171443
2419,171444
2420,171445
2421,171446
2422,171447
2423,171448
2424,171449
2425,171450
2426,171451
2427,171452
2428,171453
2429,171454
2430,171455
2431,171456
2432,171457
2433,171458
2434,171459
2435,171460
2436,171461
2437,171462
2438,171463
2439,171464
2440,171465
2441,171466
2442,171468
2443,171469
2444,171470
2445,171471
2446,171472
2447,171473
2448,171474
2449,171475
2450,171476
2451,171477
2452,171478
2453,171479
2454,171480
2455,171481
2456,171482
2457,171483
2458,171484
2459,171485
2460,171486
2461,171487
2462,171488
2463,171489
2464,171490
2465,171491
2466,171492
2467,171493
2468,171495
2469,171496
2470,171497
2471,171498
2472,171499
2473,171500
2474,171501
2475,171502
2476,171503
2477,171504
2478,171505
2479,171506
2480,171507
2481,171508
2482,171509
2483,171510
2484,171511
2485,173930
2486,173946
2487,173981
2488,173997
2489,174007
2490,174008
2491,174009
2492,174016
2493,174017
2494,174018
2495,174020
2496,174022
2497,174889
2498,175217
2499,176270
2500,176271
2501,176272
2502,176285
2503,176536
2504,176545
2505,176573
2506,177291
2507,177293
2508,179388
2509,179393
2510,179399
2511,179401
2512,179407
2513,179429
2514,179468
2515,179475
2516,179539
2517,179541
2518,179544
2519,179596
2520,179731
2521,182128
2522,182930
2523,182989
2524,183014
2525,183017
2526,183019
2527,184461
2528,190824
2529,191741
2530,191757
2531,191758
2532,191767
2533,191780
2534,191781
2535,191782
2536,191801
2537,191802
2538,191805
2539,191874
2540,191875
2541,191897
2542,191898
2543,191943
2544,191944
2545,192016
2546,192093
2547,192115
2548,192118
2549,192120
2550,193179
2551,194504
2552,194514
2553,194517
2554,194522
2555,194526
2556,194534
2557,194536
2558,194540
2559,194543
2560,194544
2561,194549
2562,194551
2563,194553
2564,194556
2565,194559
2566,194560
2567,195928
2568,196229
2569,196230
2570,196801
2571,197351
2572,203881
2573,203884
2574,203885
2575,203889
2576,206790
2577,206791
2578,206817
2579,206848
2580,206876
2581,207220
2582,207391
2583,207480
2584,207977
2585,209871
2586,209875
2587,209879
2588,209880
2589,209887
2590,209891
2591,209906
2592,209911
2593,209913
2594,209918
2595,209919
2596,211367
2597,211372
2598,211402
2599,211405
2600,211424
2601,211441
2602,211452
2603,215655
2604,219120
2605,219125
2606,219127
2607,219567
2608,219571
2609,220295
2610,220296
2611,220301
2612,220302
2613,220303
2614,220304
2615,220305
2616,220306
2617,220307
2618,220310
2619,220311
2620,220312
2621,220313
2622,220314
2623,220315
2624,220317
2625,220318
2626,220319
2627,220320
2628,220321
2629,220322
2630,220323
2631,220324
2632,220325
2633,220326
2634,220327
2635,220328
2636,220329
2637,220330
2638,220331
2639,220333
2640,220335
2641,220367
2642,223341
2643,223342
2644,225110
2645,225111
2646,225753
2647,226121
2648,226127
2649,228661
2650,229568
2651,237780
2652,237781
2653,237789
2654,237790
2655,238801
2656,238805
2657,239482
2658,239489
2659,239570
2660,239576
2661,242593
2662,243506
2663,243508
2664,243509
2665,243515
2666,249892
2667,249913
2668,249922
2669,249940
2670,251764
2671,251765
2672,258059
2673,258155
2674,258158
2675,259819
2676,259853
2677,259861
2678,259866
2679,259877
2680,259878
2681,259907
2682,259908
2683,259957
2684,259968
2685,260120
2686,260121
2687,260139
2688,260180
2689,260182
2690,260237
2691,260245
2692,261602
2693,266195
2694,266214
2695,266224
2696,267461
2697,267462
2698,267465
2699,267504
2700,267507
2701,267516
2702,267519
2703,267524
2704,267529
2705,267530
2706,267531
2707,267538
2708,267543
2709,268210
2710,269626
2711,276963
2712,276965
2713,286237
2714,286261
2715,286283
2716,286286
2717,286287
2718,286288
2719,286289
2720,286715
2721,286726
2722,286727
2723,286735
2724,286743
2725,287057
2726,287558
2727,287560
2728,287590
2729,288540
2730,288541
2731,290242
2732,290567
2733,296379
2734,297537
2735,297539
2736,314373
2737,314523
2738,314524
2739,314525
2740,314537
2741,314538
2742,314539
2743,314540
2744,314543
2745,321148
2746,321149
2747,321150
2748,321151
2749,321152
2750,321153
2751,321154
2752,321155
2753,321156
2754,321157
2755,321158
2756,324689
2757,324693
2758,325666
2759,325667
2760,325694
2761,325696
2762,326033
2763,326034
2764,326036
2765,326037
2766,326038
2767,326044
2768,326055
2769,326059
2770,326060
2771,326129
2772,326135
2773,326139
2774,326140
2775,326141
2776,326143
2777,326146
2778,326288
2779,326356
2780,326357
2781,326630
2782,327042
2783,332926
2784,333110
2785,339282
2786,339284
2787,339285
2788,339286
2789,339311
2790,339312
2791,339313
2792,339314
2793,339340
2794,339342
2795,339343
2796,339344
2797,342567
2798,344974
2799,348246
2800,348312
2801,348345
2802,348356
2803,348366
2804,348369
2805,348383
2806,348400
2807,348408
2808,348740
2809,348772
2810,348794
2811,348799
2812,348800
2813,348802
2814,348803
2815,348808
2816,349777
2817,349989
2818,349992
2819,350459
2820,350510
2821,351106
2822,351113
2823,351114
2824,351204
2825,351205
2826,351206
2827,351274
2828,352446
2829,352472
2830,352479
2831,355142
2832,355144
2833,355159
2834,355169
2835,355170
2836,355171
2837,357103
2838,357104
2839,357105
2840,357106
2841,357107
2842,357108
2843,357109
2844,357110
2845,357111
2846,357112
2847,357113
2848,357114
2849,357115
2850,357116
2851,357117
2852,357118
2853,357119
2854,357120
2855,357121
2856,357122
2857,357123
2858,360709
2859,360710
2860,360711
2861,360712
2862,360713
2863,360714
2864,360715
2865,360716
2866,360717
2867,360718
2868,365309
2869,365311
2870,366947
2871,367239
2872,367241
2873,367243
2874,367244
2875,367246
2876,367247
2877,367248
2878,367291
2879,367303
2880,367308
2881,367317
2882,367319
2883,367323
2884,367325
2885,374596
2886,380512
2887,382659
2888,384125
2889,390911
2890,390923
2891,390925
2892,390928
2893,390929
2894,390933
2895,390937
2896,390938
2897,390939
2898,390940
2899,390947
2900,390948
2901,390950
2902,390952
2903,390954
2904,390955
2905,390956
2906,390957
2907,390962
2908,390963
2909,390965
2910,390967
2911,390969
2912,390970
2913,390971
2914,390972
2915,390973
2916,390975
2917,390980
2918,390982
2919,390984
2920,390985
2921,390986
2922,390987
2923,390988
2924,390990
2925,390992
2926,390993
2927,390996
2928,390997
2929,390998
2930,391001
2931,391008
2932,391010
2933,391011
2934,391013
2935,391015
2936,391016
2937,391017
2938,391018
2939,391019
2940,391020
2941,391024
2942,391025
2943,391026
2944,391027
2945,391032
2946,391033
2947,391034
2948,391056
2949,391057
2950,391058
2951,391059
2952,391074
2953,391116
2954,391117
2955,391118
2956,391119
2957,391120
2958,391124
2959,391125
2960,391136
2961,391138
2962,391139
2963,391140
2964,391141
2965,391142
2966,391143
2967,391144
2968,391145
2969,391146
2970,391154
2971,391155
2972,391156
2973,391157
2974,391158
2975,391161
2976,391162
2977,391163
2978,391171
2979,391172
2980,391173
2981,391174
2982,391175
2983,391176
2984,391177
2985,391178
2986,391184
2987,391185
2988,391186
2989,391187
2990,391188
2991,391189
2992,391190
2993,391191
2994,391192
2995,391193
2996,391194
2997,391195
2998,391196
2999,391197
3000,391200
3001,391202
3002,391209
3003,391217
3004,391218
3005,391224
3006,391225
3007,391229
3008,391238
3009,391239
3010,391240
3011,391241
3012,391242
3013,391244
3014,391251
3015,391252
3016,391263
3017,391266
3018,391270
3019,391271
3020,391273
3021,391276
3022,391278
3023,391280
3024,391282
3025,391284
3026,391287
3027,391290
3028,391291
3029,391293
3030,391297
3031,391298
3032,392416
3033,392418
3034,400297
3035,400480
3036,400481
3037,400482
3038,403342
3039,403698
3040,403798
3041,424349
3042,424444
3043,424513
3044,424743
3045,424892
3046,434047
3047,434048
3048,434050
3049,434578
3050,434579
3051,434694
3052,434696
3053,434699
3054,434704
3055,434713
3056,434714
3057,434715
3058,434749
3059,435950
3060,437543
3061,437739
3062,437901
3063,437907
3064,438661
3065,439781
3066,442452
3067,442565
3068,442929
3069,442930
3070,446530
3071,446532
3072,446533
3073,446534
3074,446535
3075,446536
3076,446537
3077,446538
3078,446539
3079,446540
3080,446541
3081,446542
3082,446543
3083,446564
3084,446565
3085,446566
3086,446567
3087,446568
3088,446569
3089,446570
3090,446571
3091,446572
3092,446575
3093,446576
3094,446577
3095,446578
3096,446579
3097,446580
3098,446582
3099,446583
3100,446584
3101,446585
3102,446586
3103,446587
3104,446600
3105,446609
3106,446611
3107,446612
3108,446613
3109,446614
3110,446615
3111,446616
3112,446619
3113,446625
3114,446627
3115,446628
3116,446646
3117,446647
3118,446648
3119,446649
3120,446672
3121,446678
3122,446679
3123,446680
3124,446688
3125,446696
3126,446697
3127,446699
3128,446701
3129,446702
3130,446704
3131,446706
3132,446717
3133,446718
3134,446719
3135,446720
3136,446721
3137,446722
3138,446723
3139,446724
3140,446725
3141,446726
3142,446727
3143,446728
3144,446729
3145,446730
3146,446731
3147,446732
3148,446733
3149,446734
3150,446735
3151,446736
3152,446737
3153,446738
3154,446739
3155,446740
3156,446741
3157,446742
3158,446744
3159,446745
3160,446746
3161,446747
3162,446748
3163,446749
3164,446756
3165,446760
3166,446761
3167,446762
3168,446763
3169,446765
3170,446766
3171,446767
3172,446768
3173,446769
3174,446786
3175,446794
3176,446801
3177,446812
3178,446842
3179,446848
3180,446849
3181,446872
3182,446877
3183,446884
3184,446885
3185,446894
3186,446914
3187,446915
3188,446917
3189,446918
3190,446919
3191,446920
3192,446921
3193,446922
3194,446923
3195,446924
3196,446939
3197,446979
3198,446991
3199,447008
3200,447022
3201,447031
3202,447035
3203,447036
3204,447037
3205,447038
3206,447039
3207,447040
3208,447041
3209,447058
3210,447059
3211,447067
3212,447068
3213,447076
3214,447093
3215,447101
3216,447108
3217,447124
3218,447126
3219,447127
3220,447128
3221,447138
3222,447153
3223,447157
3224,447159
3225,447165
3226,447185
3227,447187
3228,447188
3229,447189
3230,447191
3231,447197
3232,447199
3233,447205
3234,447211
3235,447212
3236,447213
3237,447214
3238,447215
3239,447233
3240,447239
3241,447245
3242,447248
3243,447249
3244,447250
3245,447255
3246,450863
3247,454998
3248,454999
3249,455001
3250,455020
3251,455046
3252,455047
3253,455050
3254,455051
3255,460133
3256,460136
3257,460165
3258,460175
3259,460180
3260,460187
3261,460195
3262,470845
3263,470988
3264,471007
3265,471009
3266,471010
3267,471024
3268,471030
3269,471031
3270,471032
3271,471069
3272,471135
3273,471147
3274,471150
3275,471160
3276,471182
3277,475963
3278,475964
3279,475965
3280,475966
3281,491514
3282,491515
3283,491521
3284,491522
3285,491523
3286,491525
3287,491527
3288,491563
3289,491564
3290,491567
3291,491568
3292,491570
3293,491592
3294,491655
3295,491659
3296,491660
3297,491688
3298,491689
3299,491696
3300,491697
3301,491698
3302,491699
3303,491700
3304,491702
3305,491703
3306,491706
3307,491707
3308,491708
3309,491709
3310,491710
3311,491713
3312,491714
3313,491717
3314,491718
3315,491719
3316,491747
3317,491749
3318,491751
3319,491877
3320,491951
3321,493810
3322,493812
3323,505142
3324,506505
3325,514406
3326,514408
3327,514435
3328,514703
3329,514730
3330,515268
3331,515288
3332,515297
3333,515301
3334,515302
3335,515668
3336,515669
3337,515670
3338,515672
3339,515685
3340,516313
3341,516319
3342,516423
3343,516424
3344,516427
3345,516481
3346,516495
3347,516496
3348,516507
3349,516509
3350,516522
3351,516523
3352,516543
3353,516591
3354,516649
3355,516693
3356,516694
3357,516695
3358,516715
3359,516734
3360,516735
3361,516741
3362,516795
3363,516802
3364,516814
3365,517229
3366,517236
3367,517263
3368,517264
3369,517399
3370,517401
3371,517402
3372,517416
3373,517418
3374,517424
3375,517425
3376,517433
3377,517435
3378,517437
3379,517439
3380,517553
3381,517587
3382,517614
3383,517615
3384,517623
3385,517630
3386,517635
3387,517644
3388,517691
3389,517716
3390,517734
3391,517746
3392,517763
3393,517771
3394,517909
3395,517910
3396,517935
3397,517936
3398,517957
3399,517960
3400,517961
3401,517966
3402,517990
3403,518024
3404,518077
3405,518117
3406,518779
3407,518781
3408,518782
3409,518784
3410,518796
3411,518799
3412,518807
3413,518817
3414,518873
3415,518878
3416,518879
3417,518881
3418,519136
3419,519186
3420,519188
3421,519759
3422,519760
3423,519762
3424,519763
3425,519764
3426,519765
3427,519766
3428,519767
3429,519768
3430,519769
3431,519770
3432,519793
3433,519798
3434,519801
3435,519803
3436,519807
3437,519848
3438,519891
3439,519965
3440,519967
3441,519979
3442,519980
3443,519983
3444,520008
3445,521415
3446,521416
3447,521420
3448,521421
3449,521422
3450,521423
3451,521424
3452,521522
3453,521615
3454,521616
3455,521748
3456,521749
3457,521784
3458,521888
3459,522148
3460,522358
3461,522392
3462,522424
3463,522425
3464,522426
3465,522434
3466,522436
3467,522438
3468,522444
3469,522456
3470,522462
3471,522625
3472,522672
3473,522674
3474,527961
3475,529778
3476,529779
3477,532051
3478,533335
3479,533341
3480,533354
3481,533360
3482,533363
3483,533364
3484,533366
3485,533371
3486,533374
3487,533376
3488,533379
3489,533386
3490,533393
3491,533394
3492,533396
3493,533397
3494,533419
3495,533431
3496,533437
3497,533438
3498,533456
3499,533487
3500,533500
3501,533501
3502,533516
3503,533518
3504,533519
3505,533582
3506,533583
3507,533592
3508,533649
3509,533653
3510,533674
3511,533675
3512,533677
3513,533689
3514,533716
3515,533727
3516,533731
3517,533738
3518,533739
3519,533741
3520,533753
3521,533775
3522,533826
3523,533827
3524,533828
3525,533829
3526,533830
3527,533831
3528,533833
3529,533834
3530,533835
3531,533841
3532,534125
3533,534127
3534,534129
3535,534131
3536,534156
3537,534157
3538,534158
3539,534164
3540,534179
3541,534186
3542,534281
3543,534376
3544,534379
3545,534380
3546,534381
3547,534401
3548,534410
3549,534411
3550,534428
3551,534430
3552,534439
3553,534444
3554,534445
3555,534447
3556,534542
3557,534554
3558,534556
3559,534756
3560,534757
3561,534758
3562,534759
3563,534760
3564,534762
3565,534763
3566,534764
3567,534765
3568,534766
3569,534767
3570,534768
3571,534992
3572,534993
3573,535006
3574,535139
3575,535140
3576,535141
3577,535142
3578,535151
3579,535153
3580,535300
3581,535318
3582,535319
3583,535320
3584,535321
3585,535322
3586,535323
3587,535324
3588,535325
3589,535326
3590,535328
3591,535329
3592,535330
3593,535331
3594,535332
3595,535333
3596,535334
3597,535335
3598,535339
3599,535347
3600,535348
3601,535350
3602,535385
3603,535386
3604,535388
3605,535392
3606,535429
3607,535430
3608,535431
3609,535524
3610,535525
3611,535582
3612,535583
3613,535585
3614,535587
3615,535589
3616,535590
3617,535591
3618,535592
3619,535594
3620,535599
3621,535605
3622,535619
3623,535620
3624,535622
3625,535631
3626,535633
3627,535637
3628,535640
3629,535642
3630,535643
3631,535644
3632,535645
3633,535646
3634,535647
3635,535648
3636,535652
3637,535662
3638,535663
3639,535727
3640,535728
3641,535729
3642,535731
3643,535732
3644,535734
3645,535740
3646,535744
3647,535757
3648,535760
3649,535762
3650,535763
3651,535782
3652,535783
3653,535785
3654,535786
3655,535787
3656,535788
3657,535789
3658,535797
3659,535843
3660,535846
3661,535890
3662,535891
3663,535892
3664,535895
3665,535896
3666,535897
3667,535898
3668,535899
3669,535900
3670,535901
3671,535902
3672,535904
3673,535905
3674,535906
3675,535907
3676,535909
3677,535947
3678,535948
3679,535954
3680,535963
3681,535983
3682,536169
3683,536441
3684,536445
3685,536464
3686,536472
3687,536490
3688,536491
3689,536739
3690,536740
3691,536741
3692,536745
3693,536746
3694,536748
3695,536749
3696,536750
3697,536751
3698,537127
3699,537136
3700,537144
3701,537149
3702,537152
3703,537305
3704,537306
3705,537381
3706,538490
3707,538702
3708,539014
3709,539143
3710,539229
3711,539262
3712,539263
3713,539264
3714,539265
3715,539333
3716,539343
3717,539413
3718,539415
3719,539443
3720,539488
3721,539523
3722,539554
3723,539567
3724,539582
3725,539592
3726,539593
3727,539648
3728,539786
3729,540000
3730,540001
3731,540033
3732,540034
3733,540036
3734,540038
3735,540039
3736,540041
3737,540046
3738,540051
3739,540053
3740,540055
3741,540058
3742,540128
3743,540163
3744,540199
3745,540200
3746,540211
3747,540214
3748,540216
3749,540217
3750,540219
3751,540224
3752,540225
3753,540227
3754,540533
3755,540535
3756,540622
3757,540630
3758,540631
3759,540638
3760,540639
3761,540656
3762,540657
3763,540659
3764,540660
3765,540661
3766,540662
3767,540663
3768,540679
3769,540681
3770,540683
3771,540684
3772,540709
3773,540737
3774,540739
3775,540740
3776,540742
3777,540744
3778,540745
3779,540749
3780,540750
3781,540751
3782,540760
3783,540761
3784,540774
3785,540778
3786,544653
3787,544715
3788,544874
3789,544886
3790,555749
3791,555750
3792,555752
3793,555755
3794,555756
3795,555758
3796,555759
3797,555765
3798,555766
3799,555767
3800,555782
3801,555788
3802,555789
3803,555810
3804,555811
3805,555833
3806,555846
3807,555848
3808,555849
3809,555863
3810,555865
3811,555867
3812,555955
3813,555956
3814,555957
3815,555959
3816,555960
3817,555961
3818,555962
3819,555963
3820,555964
3821,555965
3822,555968
3823,555969
3824,555970
3825,555971
3826,555972
3827,555973
3828,555974
3829,555996
3830,556016
3831,556017
3832,556020
3833,556021
3834,556022
3835,556023
3836,556024
3837,556564
3838,556566
3839,556567
3840,556569
3841,556575
3842,556611
3843,556645
3844,556653
3845,556730
3846,556731
3847,556745
3848,556755
3849,556795
3850,556796
3851,556797
3852,556843
3853,556846
3854,556852
3855,556853
3856,556860
3857,556861
3858,556872
3859,557052
3860,557144
3861,557185
3862,557211
3863,557339
3864,557340
3865,557960
3866,557961
3867,557998
3868,558000
3869,558002
3870,558003
3871,558004
3872,558006
3873,559259
3874,559261
3875,559268
3876,559274
3877,559460
3878,559492
3879,559511
3880,559515
3881,559523
3882,559635
3883,559648
3884,559673
3885,559775
3886,559889
3887,559895
3888,559903
3889,559905
3890,559906
3891,559918
3892,559919
3893,559922
3894,559930
3895,559937
3896,560089
3897,560117
3898,560119
3899,560156
3900,568864
3901,568877
3902,568882
3903,568889
3904,568902
3905,568903
3906,568904
3907,569166
3908,569270
3909,569278
3910,569452
3911,569756
3912,570242
3913,570264
3914,575158
3915,575200
3916,575422
3917,575913
3918,575914
3919,575915
3920,575917
3921,575921
3922,575926
3923,575928
3924,576222
3925,577025
3926,577026
3927,577027
3928,577028
3929,577029
3930,577030
3931,577031
3932,577032
3933,577033
3934,577034
3935,577035
3936,577036
3937,577037
3938,577038
3939,577039
3940,577040
3941,577041
3942,577042
3943,577050
3944,577214
3945,577245
3946,577246
3947,577667
3948,584155
3949,584156
3950,584159
3951,584161
3952,584164
3953,584165
3954,584189
3955,584211
3956,584272
3957,584291
3958,584292
3959,584293
3960,584294
3961,584295
3962,584296
3963,584299
3964,584307
3965,584308
3966,584320
3967,584321
3968,584323
3969,584324
3970,584325
3971,584326
3972,584327
3973,584329
3974,584332
3975,584333
3976,584334
3977,584335
3978,584336
3979,584337
3980,584338
3981,584339
3982,584340
3983,584341
3984,584342
3985,584343
3986,584344
3987,584345
3988,584346
3989,584347
3990,584348
3991,584349
3992,584350
3993,584351
3994,584352
3995,584353
3996,584354
3997,584355
3998,584356
3999,584357
4000,584358
4001,584360
4002,584361
4003,584362
4004,584363
4005,584364
4006,584365
4007,584366
4008,584367
4009,584368
4010,584369
4011,584370
4012,584371
4013,584372
4014,584373
4015,584375
4016,584378
4017,584379
4018,584380
4019,584381
4020,584382
4021,584383
4022,584384
4023,584385
4024,584386
4025,584387
4026,584388
4027,584390
4028,584391
4029,584392
4030,592451
4031,593136
4032,593154
4033,593585
4034,593587
4035,593777
4036,593798
4037,601837
4038,604400
4039,604889
4040,608420
4041,608582
4042,608830
4043,608831
4044,608832
4045,608833
4046,608840
4047,609191
4048,609192
4049,609193
4050,609197
4051,609198
4052,609201
4053,609205
4054,610229
4055,610895
4056,611571
4057,611745
4058,612056
4059,612270
4060,612283
4061,612495
4062,612497
4063,612912
4064,613367
4065,613451
4066,613455
4067,613509
4068,613540
4069,613541
4070,613784
4071,614978
4072,616185
4073,616652
4074,617105
4075,617933
4076,617936
4077,619039
4078,619040
4079,619047
4080,619051
4081,619052
4082,619053
4083,619054
4084,619055
4085,619056
4086,619057
4087,619058
4088,619401
4089,619403
4090,619405
4091,619406
4092,619465
4093,621471
4094,621472
4095,621476
4096,621477
4097,621478
4098,621479
4099,621480
4100,621481
4101,621483
4102,621484
4103,621485
4104,621486
4105,621488
4106,621490
4107,621491
4108,621492
4109,621493
4110,621494
4111,621495
4112,621496
4113,621497
4114,621498
4115,621499
4116,621500
4117,621501
4118,621502
4119,621503
4120,621504
4121,621505
4122,621506
4123,621508
4124,621509
4125,621517
4126,621518
4127,621519
4128,621520
4129,621521
4130,621522
4131,621523
4132,621524
4133,621525
4134,621526
4135,621527
4136,621530
4137,621531
4138,621532
4139,621533
4140,621534
4141,621535
4142,621536
4143,621537
4144,621538
4145,621539
4146,621540
4147,621541
4148,621542
4149,621543
4150,621544
4151,621545
4152,621546
4153,621547
4154,621548
4155,621549
4156,621550
4157,621551
4158,621552
4159,621555
4160,621556
4161,621557
4162,621558
4163,621559
4164,621560
4165,621562
4166,621563
4167,621564
4168,621565
4169,621566
4170,621567
4171,621568
4172,621569
4173,621570
4174,621571
4175,621572
4176,621573
4177,621574
4178,621575
4179,621576
4180,621577
4181,621578
4182,621579
4183,621580
4184,621581
4185,621582
4186,621583
4187,621584
4188,621585
4189,621586
4190,621587
4191,621588
4192,621589
4193,621590
4194,621591
4195,621593
4196,621594
4197,621595
4198,621596
4199,621597
4200,621598
4201,621599
4202,621600
4203,621601
4204,621602
4205,621603
4206,621604
4207,621605
4208,621606
4209,621607
4210,621608
4211,621609
4212,621610
4213,621611
4214,621612
4215,627308
4216,627312
4217,627331
4218,627368
4219,627371
4220,627372
4221,627373
4222,627385
4223,627402
4224,627466
4225,627467
4226,627470
4227,627491
4228,627492
4229,627514
4230,627515
4231,627523
4232,627528
4233,627605
4234,627606
4235,627607
4236,627608
4237,627609
4238,627611
4239,627612
4240,627616
4241,627617
4242,627619
4243,627628
4244,627634
4245,627642
4246,627647
4247,627651
4248,627654
4249,627682
4250,627702
4251,627703
4252,627741
4253,627799
4254,627805
4255,627806
4256,627814
4257,627818
4258,627819
4259,627821
4260,627822
4261,627828
4262,627830
4263,627831
4264,627832
4265,627836
4266,627837
4267,627838
4268,627839
4269,627842
4270,627848
4271,627850
4272,627851
4273,627877
4274,627884
4275,627885
4276,627888
4277,627913
4278,627914
4279,627927
4280,642324
4281,646754
4282,649213
4283,649527
4284,649645
4285,649654
4286,649658
4287,649660
4288,649665
4289,649672
4290,649683
4291,649685
4292,649687
4293,649688
4294,649699
4295,649700
4296,649703
4297,649715
4298,649716
4299,649717
4300,649718
4301,649719
4302,649720
4303,649721
4304,649724
4305,649729
4306,649738
4307,649741
4308,649742
4309,649745
4310,649746
4311,649747
4312,649748
4313,649751
4314,649752
4315,649753
4316,649754
4317,649755
4318,649756
4319,649763
4320,649766
4321,649768
4322,649769
4323,649771
4324,649773
4325,649775
4326,649778
4327,649780
4328,649783
4329,649784
4330,649812
4331,649818
4332,649819
4333,649821
4334,649822
4335,649826
4336,649846
4337,649855
4338,649857
4339,649861
4340,649862
4341,649863
4342,649864
4343,649865
4344,649866
4345,649867
4346,649868
4347,649871
4348,649876
4349,649877
4350,649878
4351,649882
4352,649887
4353,649889
4354,649893
4355,649900
4356,649901
4357,649910
4358,649911
4359,649916
4360,649947
4361,649949
4362,649950
4363,649951
4364,649952
4365,649953
4366,649959
4367,649963
4368,649976
4369,649992
4370,649995
4371,649998
4372,650000
4373,650002
4374,650004
4375,650006
4376,650008
4377,650015
4378,650024
4379,650032
4380,650043
4381,650052
4382,650055
4383,650073
4384,650075
4385,650076
4386,650078
4387,650080
4388,650085
4389,650087
4390,650088
4391,650089
4392,650090
4393,650092
4394,650095
4395,650096
4396,650097
4397,650098
4398,650111
4399,650113
4400,650114
4401,650115
4402,650116
4403,650127
4404,650128
4405,650129
4406,650130
4407,650131
4408,650132
4409,650134
4410,650137
4411,650138
4412,650140
4413,650145
4414,650146
4415,650147
4416,650148
4417,650149
4418,650155
4419,650156
4420,650157
4421,650159
4422,650160
4423,650163
4424,650164
4425,650190
4426,650197
4427,650200
4428,650203
4429,650204
4430,650205
4431,650208
4432,650216
4433,650217
4434,650222
4435,650223
4436,650225
4437,650226
4438,650230
4439,650232
4440,650233
4441,650240
4442,650241
4443,650323
4444,650330
4445,650331
4446,650332
4447,650333
4448,650334
4449,650347
4450,650348
4451,650349
4452,650407
4453,650423
4454,650424
4455,650425
4456,650426
4457,650452
4458,650453
4459,650454
4460,650456
4461,650457
4462,650458
4463,650459
4464,650460
4465,650461
4466,650469
4467,650472
4468,650474
4469,650475
4470,650476
4471,650477
4472,650480
4473,650481
4474,650482
4475,650483
4476,650484
4477,650485
4478,650486
4479,650487
4480,650488
4481,650489
4482,650490
4483,650494
4484,650495
4485,650496
4486,650497
4487,650498
4488,650505
4489,650506
4490,650507
4491,650508
4492,650511
4493,650513
4494,650514
4495,650515
4496,650516
4497,650517
4498,650518
4499,650519
4500,650520
4501,650523
4502,650524
4503,650525
4504,650526
4505,650527
4506,650528
4507,650529
4508,650530
4509,650531
4510,650556
4511,650561
4512,650562
4513,650563
4514,650564
4515,650565
4516,650566
4517,650567
4518,650568
4519,650569
4520,650570
4521,650571
4522,650573
4523,650574
4524,650596
4525,650599
4526,650620
4527,650621
4528,650622
4529,650631
4530,650632
4531,650633
4532,650637
4533,650639
4534,650640
4535,650658
4536,650665
4537,650666
4538,650667
4539,650668
4540,650669
4541,650670
4542,650671
4543,650672
4544,650677
4545,650678
4546,650680
4547,650704
4548,650705
4549,650706
4550,650707
4551,650714
4552,650715
4553,650716
4554,650717
4555,650718
4556,650721
4557,650724
4558,650733
4559,650735
4560,650736
4561,650737
4562,650740
4563,650741
4564,650742
4565,650766
4566,650803
4567,650805
4568,650827
4569,650828
4570,650829
4571,650830
4572,650831
4573,650832
4574,650833
4575,650834
4576,650835
4577,650836
4578,650838
4579,650839
4580,650841
4581,650842
4582,650843
4583,650844
4584,650845
4585,650846
4586,650847
4587,650848
4588,650849
4589,650850
4590,650851
4591,650858
4592,650859
4593,650861
4594,650862
4595,650863
4596,650864
4597,650865
4598,650867
4599,650870
4600,650884
4601,650885
4602,650886
4603,650888
4604,650909
4605,650912
4606,650913
4607,650914
4608,650915
4609,650917
4610,650918
4611,650919
4612,650920
4613,650925
4614,650926
4615,650929
4616,650930
4617,650931
4618,650932
4619,650933
4620,650934
4621,650939
4622,650940
4623,650941
4624,650942
4625,650943
4626,650944
4627,650945
4628,650946
4629,650947
4630,650948
4631,650949
4632,650950
4633,650951
4634,650952
4635,650953
4636,650954
4637,650955
4638,650957
4639,650958
4640,650966
4641,650967
4642,650968
4643,650969
4644,650971
4645,650973
4646,650974
4647,650975
4648,650976
4649,650977
4650,650978
4651,650979
4652,650980
4653,650981
4654,650982
4655,650983
4656,650984
4657,650986
4658,650987
4659,650988
4660,650989
4661,650990
4662,650993
4663,650994
4664,650995
4665,650996
4666,650997
4667,650998
4668,650999
4669,651000
4670,651001
4671,651002
4672,651003
4673,651004
4674,651005
4675,651006
4676,651007
4677,651008
4678,651009
4679,651010
4680,651011
4681,651012
4682,651013
4683,651014
4684,651022
4685,651023
4686,651024
4687,651025
4688,651027
4689,651028
4690,651029
4691,651030
4692,651031
4693,651032
4694,651033
4695,651034
4696,651035
4697,651042
4698,651043
4699,651044
4700,651045
4701,651046
4702,651047
4703,651051
4704,651052
4705,651054
4706,651056
4707,651057
4708,651058
4709,651059
4710,651060
4711,651061
4712,651062
4713,651063
4714,651065
4715,651066
4716,651067
4717,651068
4718,651069
4719,651072
4720,651073
4721,651074
4722,651075
4723,651077
4724,651134
4725,651135
4726,651158
4727,651170
4728,651171
4729,651172
4730,651174
4731,651175
4732,651177
4733,651178
4734,651179
4735,651223
4736,651241
4737,651242
4738,651243
4739,651247
4740,651248
4741,651249
4742,651250
4743,651252
4744,651253
4745,651254
4746,651260
4747,651261
4748,651262
4749,651263
4750,651270
4751,651277
4752,651279
4753,651293
4754,651294
4755,651295
4756,651296
4757,651297
4758,651298
4759,651299
4760,651300
4761,651301
4762,651324
4763,651327
4764,651328
4765,651329
4766,651330
4767,651331
4768,651334
4769,651340
4770,651341
4771,651342
4772,651344
4773,651345
4774,651346
4775,651347
4776,651348
4777,651349
4778,651350
4779,651351
4780,651355
4781,651365
4782,651366
4783,651367
4784,651368
4785,651370
4786,651372
4787,651373
4788,651374
4789,651385
4790,651387
4791,651388
4792,651389
4793,651398
4794,651402
4795,651403
4796,651405
4797,651406
4798,651407
4799,651411
4800,651413
4801,651417
4802,651418
4803,651419
4804,651420
4805,651421
4806,651422
4807,651423
4808,651424
4809,651425
4810,651426
4811,651427
4812,651428
4813,651429
4814,651430
4815,651431
4816,651432
4817,651433
4818,651434
4819,651438
4820,651439
4821,651440
4822,651441
4823,651442
4824,651443
4825,651444
4826,651445
4827,651446
4828,651447
4829,651449
4830,651450
4831,651451
4832,651452
4833,651453
4834,651454
4835,651455
4836,651456
4837,651457
4838,651462
4839,651464
4840,651465
4841,651467
4842,651468
4843,651470
4844,651471
4845,651472
4846,651473
4847,651474
4848,651475
4849,651476
4850,651477
4851,651478
4852,651479
4853,651480
4854,651481
4855,651482
4856,651484
4857,651486
4858,651488
4859,651489
4860,651495
4861,651496
4862,651499
4863,651500
4864,651501
4865,651502
4866,651503
4867,651505
4868,651506
4869,651507
4870,651508
4871,651509
4872,651510
4873,651513
4874,651514
4875,651515
4876,651516
4877,651518
4878,651525
4879,651526
4880,651529
4881,651530
4882,651531
4883,651532
4884,651533
4885,651535
4886,651536
4887,651537
4888,651538
4889,651539
4890,651540
4891,651541
4892,651542
4893,651543
4894,651545
4895,651546
4896,651548
4897,651550
4898,651551
4899,651552
4900,651553
4901,651554
4902,653211
4903,653298
4904,663149
4905,664371
4906,666497
4907,667347
4908,667348
4909,669821
4910,669822
4911,669823
4912,669825
4913,669826
4914,669827
4915,669828
4916,669829
4917,669830
4918,669831
4919,669832
4920,669833
4921,669834
4922,669835
4923,669836
4924,669837
4925,669838
4926,669839
4927,669840
4928,669841
4929,669842
4930,669843
4931,669844
4932,669845
4933,669846
4934,669848
4935,669849
4936,669850
4937,669851
4938,669853
4939,669854
4940,669855
4941,669856
4942,669857
4943,669858
4944,669860
4945,669862
4946,669863
4947,669864
4948,669865
4949,669866
4950,669868
4951,669869
4952,669870
4953,669871
4954,669872
4955,670760
4956,670761
4957,670762
4958,670770
4959,670771
4960,670777
4961,670782
4962,670783
4963,670785
4964,670788
4965,670789
4966,670798
4967,670810
4968,670811
4969,670812
4970,670813
4971,670818
4972,670819
4973,670822
4974,670823
4975,670824
4976,670826
4977,670827
4978,670828
4979,670829
4980,670855
4981,670865
4982,670888
4983,670889
4984,670892
4985,670898
4986,670912
4987,670916
4988,670917
4989,670918
4990,670920
4991,670944
4992,670947
4993,670948
4994,670949
4995,670952
4996,670954
4997,670961
4998,670964
4999,670965
5000,670966
5001,670967
5002,670968
5003,670971
5004,670988
5005,670991
5006,671009
5007,671010
5008,671011
5009,671020
5010,671030
5011,671035
5012,671036
5013,671037
5014,671038
5015,671039
5016,671043
5017,671044
5018,671060
5019,671063
5020,671064
5021,671083
5022,671098
5023,671099
5024,671102
5025,671103
5026,671104
5027,671107
5028,671108
5029,671109
5030,671110
5031,671111
5032,671112
5033,671113
5034,671118
5035,671137
5036,671138
5037,671139
5038,671140
5039,671142
5040,671188
5041,671191
5042,671192
5043,671197
5044,671198
5045,671200
5046,671201
5047,671202
5048,671207
5049,671208
5050,671209
5051,671210
5052,671211
5053,671212
5054,671217
5055,671218
5056,671219
5057,671229
5058,671230
5059,671232
5060,671238
5061,671240
5062,671246
5063,671247
5064,671278
5065,671304
5066,671305
5067,671333
5068,671334
5069,671339
5070,671347
5071,671366
5072,671369
5073,671370
5074,671371
5075,671372
5076,671373
5077,671375
5078,671385
5079,671386
5080,671393
5081,671399
5082,671400
5083,671405
5084,671407
5085,671409
5086,671410
5087,671411
5088,671412
5089,671413
5090,671414
5091,671415
5092,671416
5093,671417
5094,671418
5095,671419
5096,671430
5097,671432
5098,671437
5099,671441
5100,671442
5101,671443
5102,671447
5103,671452
5104,671453
5105,671454
5106,671457
5107,671458
5108,671462
5109,671465
5110,671466
5111,671467
5112,671468
5113,671469
5114,671470
5115,671471
5116,671472
5117,671473
5118,671678
5119,671697
5120,671710
5121,671712
5122,671713
5123,671714
5124,671716
5125,671721
5126,671722
5127,671723
5128,671724
5129,671763
5130,671768
5131,671788
5132,671800
5133,671805
5134,671808
5135,671809
5136,673384
5137,675854
5138,676269
5139,677686
5140,677710
5141,677763
5142,677766
5143,677832
5144,678061
5145,678063
5146,678112
5147,678669
5148,678687
5149,678688
5150,678689
5151,678690
5152,678693
5153,678739
5154,678741
5155,678743
5156,678744
5157,678745
5158,678747
5159,678750
5160,678751
5161,678754
5162,678755
5163,678759
5164,678760
5165,678769
5166,678774
5167,678778
5168,678781
5169,678787
5170,678788
5171,678790
5172,678791
5173,678792
5174,678795
5175,678796
5176,685833
5177,685844
5178,685872
5179,685911
5180,686126
5181,686149
5182,686150
5183,686151
5184,686156
5185,686235
5186,687477
5187,687555
5188,687559
5189,687567
5190,687569
5191,687571
5192,687573
5193,687588
5194,687590
5195,687592
5196,687597
5197,687598
5198,687599
5199,687600
5200,687602
5201,687604
5202,687605
5203,687606
5204,687607
5205,687609
5206,687610
5207,687611
5208,687612
5209,687613
5210,687614
5211,687616
5212,687617
5213,687619
5214,687622
5215,687623
5216,687624
5217,687625
5218,687626
5219,687627
5220,687628
5221,687630
5222,687631
5223,687632
5224,687633
5225,687635
5226,687636
5227,687640
5228,687641
5229,687648
5230,687649
5231,687650
5232,687651
5233,687652
5234,687653
5235,687655
5236,687656
5237,687658
5238,687661
5239,687662
5240,687663
5241,687664
5242,687665
5243,687670
5244,687671
5245,687682
5246,687683
5247,687684
5248,687685
5249,687687
5250,687688
5251,687690
5252,687692
5253,687693
5254,687694
5255,687706
5256,687715
5257,687716
5258,687723
5259,687724
5260,687725
5261,687729
5262,687734
5263,687736
5264,687737
5265,687741
5266,687742
5267,687743
5268,687744
5269,687745
5270,687746
5271,687747
5272,687748
5273,687750
5274,687751
5275,687752
5276,687754
5277,687755
5278,687756
5279,687765
5280,687766
5281,687767
5282,687769
5283,687770
5284,687771
5285,687772
5286,687774
5287,687781
5288,687782
5289,687783
5290,687784
5291,687785
5292,687786
5293,687787
5294,687788
5295,687789
5296,687790
5297,687791
5298,687792
5299,687793
5300,687794
5301,687796
5302,687797
5303,687798
5304,687799
5305,687801
5306,687802
5307,687803
5308,687807
5309,687808
5310,687819
5311,687820
5312,687821
5313,687822
5314,687823
5315,687826
5316,687827
5317,687828
5318,687829
5319,687830
5320,687834
5321,687835
5322,687836
5323,687837
5324,687839
5325,687840
5326,687841
5327,687844
5328,687845
5329,687853
5330,687860
5331,687861
5332,687866
5333,687869
5334,687870
5335,687871
5336,687872
5337,687873
5338,687878
5339,687882
5340,687895
5341,687897
5342,687898
5343,687900
5344,687901
5345,687902
5346,687903
5347,687904
5348,687905
5349,687906
5350,687907
5351,687908
5352,687909
5353,687910
5354,687911
5355,687912
5356,687913
5357,687914
5358,687915
5359,687916
5360,687917
5361,687918
5362,687919
5363,687920
5364,687924
5365,687934
5366,687935
5367,687936
5368,687937
5369,687949
5370,687958
5371,687981
5372,687988
5373,687990
5374,687991
5375,687992
5376,687993
5377,687994
5378,687995
5379,687996
5380,687998
5381,687999
5382,688000
5383,688002
5384,688003
5385,688004
5386,688005
5387,688007
5388,688008
5389,688009
5390,688011
5391,688012
5392,688025
5393,688030
5394,688031
5395,688032
5396,688035
5397,688036
5398,688037
5399,688038
5400,688039
5401,688040
5402,688041
5403,688042
5404,688044
5405,688045
5406,688048
5407,688050
5408,688051
5409,688052
5410,688056
5411,688057
5412,688060
5413,688062
5414,688063
5415,688064
5416,688065
5417,688066
5418,688068
5419,688070
5420,688072
5421,688074
5422,688080
5423,688084
5424,688088
5425,688091
5426,688092
5427,688093
5428,688094
5429,688095
5430,688096
5431,688098
5432,688099
5433,688100
5434,688101
5435,688102
5436,688106
5437,688109
5438,688110
5439,688117
5440,695026
5441,695028
5442,695029
5443,695030
5444,695031
5445,695032
5446,695033
5447,695034
5448,695035
5449,695036
5450,695037
5451,695038
5452,695039
5453,695040
5454,695041
5455,695042
5456,695043
5457,695044
5458,695045
5459,695046
5460,695047
5461,695048
5462,695049
5463,695050
5464,695051
5465,695052
5466,695053
5467,695054
5468,695055
5469,695056
5470,695058
5471,695059
5472,695060
5473,695061
5474,695065
5475,695066
5476,695067
5477,695068
5478,695069
5479,695070
5480,695071
5481,695072
5482,695073
5483,695074
5484,695075
5485,695076
5486,695077
5487,695078
5488,695079
5489,695080
5490,695081
5491,695082
5492,695083
5493,695084
5494,695085
5495,695086
5496,695087
5497,695088
5498,695089
5499,695090
5500,695091
5501,695092
5502,695094
5503,695101
5504,695102
5505,695103
5506,695104
5507,695105
5508,695106
5509,695107
5510,695108
5511,695109
5512,695112
5513,695113
5514,695114
5515,695115
5516,695116
5517,695118
5518,695119
5519,695122
5520,695128
5521,695138
5522,695141
5523,695142
5524,695143
5525,695145
5526,695154
5527,695157
5528,695172
5529,695173
5530,695174
5531,695175
5532,695176
5533,696101
5534,696103
5535,696104
5536,696106
5537,696107
5538,696108
5539,696109
5540,696110
5541,696111
5542,696112
5543,696116
5544,696117
5545,696118
5546,696120
5547,696121
5548,696122
5549,696123
5550,696124
5551,696125
5552,696126
5553,696127
5554,696128
5555,697606
5556,697608
5557,697609
5558,697610
5559,697611
5560,697612
5561,697613
5562,697615
5563,697616
5564,697617
5565,702295
5566,702310
5567,702354
5568,702363
5569,702364
5570,702369
5571,702370
5572,702373
5573,702374
5574,702499
5575,702600
5576,702889
5577,703955
5578,703958
5579,703959
5580,703960
5581,703962
5582,703963
5583,703966
5584,703969
5585,703970
5586,703971
5587,703973
5588,703974
5589,703975
5590,703976
5591,703977
5592,703979
5593,703980
5594,703981
5595,703982
5596,703985
5597,703987
5598,703988
5599,703989
5600,703990
5601,703991
5602,704003
5603,704005
5604,704022
5605,704025
5606,704028
5607,704029
5608,704031
5609,704033
5610,704034
5611,704035
5612,704036
5613,704037
5614,704040
5615,704043
5616,704044
5617,704046
5618,704048
5619,704050
5620,704051
5621,704053
5622,704056
5623,704057
5624,704058
5625,704059
5626,704065
5627,704072
5628,704077
5629,704078
5630,704080
5631,704081
5632,704082
5633,704083
5634,704088
5635,704091
5636,704093
5637,704096
5638,704097
5639,704100
5640,704101
5641,704102
5642,704103
5643,704105
5644,704106
5645,704107
5646,704108
5647,704109
5648,704111
5649,704114
5650,704115
5651,704116
5652,704117
5653,704118
5654,704119
5655,704120
5656,704121
5657,704122
5658,704123
5659,704125
5660,704126
5661,704127
5662,704131
5663,704132
5664,704133
5665,704134
5666,704135
5667,704137
5668,704138
5669,704139
5670,704140
5671,704141
5672,704142
5673,704143
5674,704144
5675,704145
5676,704148
5677,704152
5678,704153
5679,704154
5680,704155
5681,704156
5682,704157
5683,704158
5684,710320
5685,723937
5686,724587
5687,736591
5688,736592
5689,744927
5690,744933
5691,744964
5692,744965
5693,744966
5694,746072
5695,746073
5696,746075
5697,746076
5698,746077
5699,746081
5700,746082
5701,746083
5702,746084
5703,746088
5704,746089
5705,746091
5706,746092
5707,746094
5708,746095
5709,746096
5710,746097
5711,746098
5712,746099
5713,746101
5714,746103
5715,746105
5716,746107
5717,746110
5718,746112
5719,746113
5720,746114
5721,746115
5722,746116
5723,746117
5724,746118
5725,746119
5726,746120
5727,746121
5728,746122
5729,746124
5730,746125
5731,746126
5732,746127
5733,746130
5734,746135
5735,746138
5736,746139
5737,746140
5738,746141
5739,746142
5740,746143
5741,746144
5742,755230
5743,758077
5744,761352
5745,761379
5746,761381
5747,761382
5748,761383
5749,761387
5750,761390
5751,761393
5752,761394
5753,761395
5754,761416
5755,761418
5756,761438
5757,761457
5758,761489
5759,761531
5760,761557
5761,761558
5762,761560
5763,761561
5764,761562
5765,761570
5766,761571
5767,761572
5768,761573
5769,761574
5770,761575
5771,761577
5772,761611
5773,761614
5774,761622
5775,761643
5776,761644
5777,761646
5778,761648
5779,761664
5780,761692
5781,761693
5782,761695
5783,761711
5784,761722
5785,761723
5786,761730
5787,761740
5788,761741
5789,761742
5790,761748
5791,761749
5792,761757
5793,761767
5794,761770
5795,761771
5796,761772
5797,761774
5798,761783
5799,761787
5800,761789
5801,761791
5802,761795
5803,761801
5804,761807
5805,761828
5806,761829
5807,761830
5808,761831
5809,761832
5810,761834
5811,761840
5812,761841
5813,761842
5814,761844
5815,761849
5816,761860
5817,761861
5818,761863
5819,761864
5820,761865
5821,761868
5822,761869
5823,761870
5824,761871
5825,761872
5826,761873
5827,761874
5828,761875
5829,761887
5830,761888
5831,761889
5832,761895
5833,761896
5834,761900
5835,761911
5836,761912
5837,761913
5838,761914
5839,761915
5840,761916
5841,761920
5842,761922
5843,761929
5844,761931
5845,761932
5846,761933
5847,761934
5848,761939
5849,761940
5850,761941
5851,761942
5852,761943
5853,761965
5854,761967
5855,761972
5856,761975
5857,761976
5858,761977
5859,761978
5860,761979
5861,761994
5862,761997
5863,761998
5864,762011
5865,762012
5866,762013
5867,762016
5868,762017
5869,762019
5870,762025
5871,762028
5872,762060
5873,762066
5874,762072
5875,762696
5876,762697
5877,762717
5878,762746
5879,764446
5880,764474
5881,764531
5882,765104
5883,765154
5884,765170
5885,765236
5886,765238
5887,765239
5888,765240
5889,765242
5890,765243
5891,766559
5892,770551
5893,770553
5894,770577
5895,770602
5896,770603
5897,771577
5898,772163
5899,775689
5900,775711
5901,775754
5902,775844
5903,777181
5904,777436
5905,777708
5906,777709
5907,777710
5908,777711
5909,777712
5910,777727
5911,777772
5912,777773
5913,777835
5914,778404
5915,779212
5916,779214
5917,779215
5918,779241
5919,779242
5920,779385
5921,779386
5922,779461
5923,779575
5924,781156
5925,781163
5926,781170
5927,781171
5928,781953
5929,782032
5930,782033
5931,782035
5932,782036
5933,782039
5934,782043
5935,782044
5936,782049
5937,782059
5938,782060
5939,782062
5940,782063
5941,782066
5942,782067
5943,782068
5944,782069
5945,782076
5946,782078
5947,782080
5948,782081
5949,782083
5950,782084
5951,782087
5952,782094
5953,782100
5954,782104
5955,782112
5956,782171
5957,782242
5958,782254
5959,782270
5960,782271
5961,782272
5962,782280
5963,782281
5964,782282
5965,782284
5966,782286
5967,782287
5968,782288
5969,782290
5970,782293
5971,782294
5972,782298
5973,782299
5974,782301
5975,782433
5976,782462
5977,782463
5978,782464
5979,782465
5980,782476
5981,782484
5982,782485
5983,782486
5984,782487
5985,782488
5986,782490
5987,782491
5988,782492
5989,782499
5990,782523
5991,782586
5992,783752
5993,783765
5994,783971
5995,790965
5996,792226
5997,792230
5998,792231
5999,792233
6000,792236
6001,792241
6002,792243
6003,792245
6004,792246
6005,792247
6006,792248
6007,792249
6008,792250
6009,792251
6010,792253
6011,792254
6012,792255
6013,792257
6014,792258
6015,792260
6016,792262
6017,792263
6018,792264
6019,792265
6020,792267
6021,792268
6022,792270
6023,792271
6024,792272
6025,792273
6026,792274
6027,792275
6028,792277
6029,792278
6030,792279
6031,792284
6032,792286
6033,792287
6034,792288
6035,792289
6036,792290
6037,792291
6038,792302
6039,792303
6040,792304
6041,792319
6042,792323
6043,792324
6044,792327
6045,792329
6046,792588
6047,792601
6048,792602
6049,792903
6050,792922
6051,795282
6052,795381
6053,795558
6054,795590
6055,799663
6056,816599
6057,816622
6058,816623
6059,816624
6060,819998
6061,820002
6062,820013
6063,820014
6064,820018
6065,820019
6066,820043
6067,820076
6068,820079
6069,820107
6070,820268
6071,820611
6072,820673
6073,820868
6074,820926
6075,823238
6076,823277
6077,823320
6078,823654
6079,823663
6080,824319
6081,824341
6082,824505
6083,824512
6084,824514
6085,824526
6086,824536
6087,825446
6088,825627
6089,827499
6090,830612
6091,834405
6092,836226
6093,836227
6094,836228
6095,836229
6096,836230
6097,836231
6098,836232
6099,836233
6100,836234
6101,836235
6102,836236
6103,836237
6104,836238
6105,836239
6106,836240
6107,836241
6108,836242
6109,836243
6110,836244
6111,836245
6112,836246
6113,836247
6114,836248
6115,836249
6116,836250
6117,836251
6118,836252
6119,836253
6120,836254
6121,836255
6122,836256
6123,836257
6124,836258
6125,836259
6126,836260
6127,836261
6128,836262
6129,836263
6130,836264
6131,836265
6132,836266
6133,836267
6134,836268
6135,836269
6136,836270
6137,836272
6138,836273
6139,836274
6140,836275
6141,836276
6142,836277
6143,836278
6144,836279
6145,836280
6146,836281
6147,836282
6148,836283
6149,836284
6150,836285
6151,836286
6152,836287
6153,836288
6154,836289
6155,836290
6156,836291
6157,836292
6158,836293
6159,836294
6160,836295
6161,836296
6162,836297
6163,836298
6164,836299
6165,836300
6166,836301
6167,836302
6168,836303
6169,836304
6170,836305
6171,836306
6172,836307
6173,836308
6174,836309
6175,836310
6176,836311
6177,836313
6178,836314
6179,836315
6180,836316
6181,836317
6182,836318
6183,836319
6184,836320
6185,836321
6186,836322
6187,836323
6188,836324
6189,836325
6190,836326
6191,836327
6192,836328
6193,836329
6194,836330
6195,836331
6196,836332
6197,836333
6198,836334
6199,836335
6200,836336
6201,836337
6202,836338
6203,836339
6204,836340
6205,836341
6206,836342
6207,836343
6208,836344
6209,836345
6210,836346
6211,836347
6212,836348
6213,836349
6214,836350
6215,836351
6216,836352
6217,836353
6218,836354
6219,836355
6220,836356
6221,836357
6222,836358
6223,836359
6224,836360
6225,836361
6226,836362
6227,836363
6228,836364
6229,836365
6230,836366
6231,836367
6232,836368
6233,836369
6234,836370
6235,836642
6236,840132
6237,840143
6238,845098
6239,845117
6240,845139
6241,845165
6242,845181
6243,845200
6244,845211
6245,845228
6246,845247
6247,845277
6248,852457
6249,852459
6250,852460
6251,852461
6252,852462
6253,852463
6254,852464
6255,852465
6256,852466
6257,852467
6258,852468
6259,852469
6260,852470
6261,852471
6262,852472
6263,852473
6264,852474
6265,852475
6266,852476
6267,852477
6268,852478
6269,852479
6270,852480
6271,852481
6272,852482
6273,852483
6274,852485
6275,852486
6276,852487
6277,852488
6278,852489
6279,852490
6280,852491
6281,852492
6282,852493
6283,855243
6284,857550
6285,857559
6286,857560
6287,857561
6288,857565
6289,857566
6290,857572
6291,857577
6292,857583
6293,857585
6294,857586
6295,857588
6296,857589
6297,857591
6298,857592
6299,857593
6300,857595
6301,857596
6302,857598
6303,857599
6304,857601
6305,857604
6306,879379
6307,879395
6308,880986
6309,880987
6310,880988
6311,880989
6312,880991
6313,880992
6314,880993
6315,881000
6316,881002
6317,881003
6318,881004
6319,881005
6320,881006
6321,881007
6322,881013
6323,881037
6324,886081
6325,886082
6326,886083
6327,886084
6328,886085
6329,886424
6330,886425
6331,886426
6332,886427
6333,886428
6334,886429
6335,886431
6336,886432
6337,886514
6338,886515
6339,886535
6340,886811
6341,886984
6342,886986
6343,886996
6344,894083
6345,894085
6346,894087
6347,894088
6348,894089
6349,896860
6350,896861
6351,896862
6352,896863
6353,896872
6354,896873
6355,896951
6356,897245
6357,897265
6358,897284
6359,897562
6360,897582
6361,897639
6362,897642
6363,897643
6364,897644
6365,897645
6366,897647
6367,897659
6368,897668
6369,897675
6370,897676
6371,897677
6372,897678
6373,897684
6374,897685
6375,897686
6376,897688
6377,897689
6378,897710
6379,897727
6380,897728
6381,897836
6382,897841
6383,897859
6384,897863
6385,897867
6386,897871
6387,897872
6388,897873
6389,897874
6390,897875
6391,897876
6392,897877
6393,897884
6394,897886
6395,897923
6396,897924
6397,897925
6398,897930
6399,897942
6400,898245
6401,898246
6402,898247
6403,898248
6404,898249
6405,898251
6406,898278
6407,898279
6408,898280
6409,898281
6410,898282
6411,898283
6412,898284
6413,898357
6414,898472
6415,898473
6416,898475
6417,898476
6418,898487
6419,898637
6420,898638
6421,898651
6422,898652
6423,898653
6424,898658
6425,898659
6426,898660
6427,898661
6428,898662
6429,898663
6430,898664
6431,898722
6432,898742
6433,898745
6434,899035
6435,899036
6436,899037
6437,899038
6438,899039
6439,899042
6440,899099
6441,899100
6442,899102
6443,899103
6444,899105
6445,899106
6446,899107
6447,899108
6448,899109
6449,899110
6450,899111
6451,899113
6452,899114
6453,899115
6454,899116
6455,899117
6456,899118
6457,899124
6458,899232
6459,899234
6460,899235
6461,899244
6462,899257
6463,899258
6464,899259
6465,899341
6466,899342
6467,899343
6468,899344
6469,899364
6470,899366
6471,899367
6472,899371
6473,899376
6474,899380
6475,899381
6476,899386
6477,899387
6478,899388
6479,899389
6480,899390
6481,899391
6482,899397
6483,900515
6484,900516
6485,900517
6486,900519
6487,900520
6488,900521
6489,900522
6490,900523
6491,900524
6492,900525
6493,900526
6494,900527
6495,900531
6496,900717
6497,901188
6498,901189
6499,901190
6500,901191
6501,901192
6502,901193
6503,901194
6504,901195
6505,901196
6506,901197
6507,901198
6508,901199
6509,901200
6510,901204
6511,901205
6512,901214
6513,901216
6514,901246
6515,901247
6516,901248
6517,901249
6518,901272
6519,901273
6520,901328
6521,901349
6522,901351
6523,901353
6524,901354
6525,902852
6526,902853
6527,902854
6528,903390
6529,903391
6530,903392
6531,903393
6532,903394
6533,903395
6534,903396
6535,903397
6536,903398
6537,903399
6538,903400
6539,903401
6540,903402
6541,903403
6542,903404
6543,903405
6544,903406
6545,903407
6546,903408
6547,903409
6548,903410
6549,903411
6550,903412
6551,903413
6552,903414
6553,903415
6554,903416
6555,903426
6556,903427
6557,903428
6558,903429
6559,903430
6560,903431
6561,903432
6562,903433
6563,903434
6564,903435
6565,903436
6566,903437
6567,903438
6568,903439
6569,903440
6570,903441
6571,903442
6572,903443
6573,903444
6574,903445
6575,903446
6576,903447
6577,903448
6578,903449
6579,903468
6580,903469
6581,903471
6582,903472
6583,903473
6584,903474
6585,903475
6586,903476
6587,903477
6588,903478
6589,903479
6590,903480
6591,903492
6592,903493
6593,904201
6594,904299
6595,904300
6596,904301
6597,904302
6598,904303
6599,904304
6600,904315
6601,904327
6602,904478
6603,904485
6604,904486
6605,904720
6606,904725
6607,904754
6608,904755
6609,904805
6610,904816
6611,904817
6612,904819
6613,904886
6614,904891
6615,904892
6616,904913
6617,904914
6618,904915
6619,904936
6620,904938
6621,904946
6622,904948
6623,904949
6624,904950
6625,904951
6626,904952
6627,904953
6628,904954
6629,904955
6630,904956
6631,904957
6632,904958
6633,904963
6634,904964
6635,904965
6636,904968
6637,904969
6638,904970
6639,904991
6640,904992
6641,904993
6642,904994
6643,904995
6644,904996
6645,904997
6646,904998
6647,904999
6648,905000
6649,905003
6650,905004
6651,905012
6652,905013
6653,905014
6654,905015
6655,905016
6656,905017
6657,905018
6658,905019
6659,905020
6660,905049
6661,905061
6662,905062
6663,905064
6664,905087
6665,905088
6666,905096
6667,905097
6668,905098
6669,905112
6670,905117
6671,905118
6672,905119
6673,905121
6674,905134
6675,905137
6676,905138
6677,905139
6678,905140
6679,905142
6680,905143
6681,905144
6682,905145
6683,905146
6684,905147
6685,905148
6686,905149
6687,905156
6688,905168
6689,905173
6690,905190
6691,905195
6692,905196
6693,905197
6694,905201
6695,912257
6696,912270
6697,913600
6698,913609
6699,913652
6700,913653
6701,913656
6702,913673
6703,913674
6704,913676
6705,913677
6706,913679
6707,913680
6708,913681
6709,913868
6710,913903
6711,914184
6712,914185
6713,914191
6714,914196
6715,914202
6716,914224
6717,914225
6718,914227
6719,914231
6720,914235
6721,914237
6722,914304
6723,914820
6724,914964
6725,915351
6726,915352
6727,915354
6728,915355
6729,915356
6730,915357
6731,915358
6732,915368
6733,915369
6734,915376
6735,915402
6736,915403
6737,918189
6738,921231
6739,921299
6740,921301
6741,921428
6742,927256
6743,927257
6744,934358
6745,935929
6746,937283
6747,937285
6748,937300
6749,937455
6750,937459
6751,937469
6752,937719
6753,937730
6754,937732
6755,937798
6756,938857
6757,938860
6758,938861
6759,938862
6760,938863
6761,938864
6762,938871
6763,942407
6764,942423
6765,945960
6766,948436
6767,948437
6768,948438
6769,948439
6770,948440
6771,948442
6772,948443
6773,948446
6774,948448
6775,948473
6776,948479
6777,948480
6778,948502
6779,948510
6780,948521
6781,948544
6782,948545
6783,948546
6784,948558
6785,948562
6786,948570
6787,948690
6788,948691
6789,948697
6790,948706
6791,956235
6792,956236
6793,956237
6794,956238
6795,956239
6796,956240
6797,956241
6798,956242
6799,956243
6800,956244
6801,956251
6802,956252
6803,956253
6804,956254
6805,956259
6806,956260
6807,956261
6808,956262
6809,956263
6810,956264
6811,956265
6812,956266
6813,956267
6814,956268
6815,956269
6816,956270
6817,956271
6818,956272
6819,958004
6820,958005
6821,958006
6822,958046
6823,960079
6824,960080
6825,960081
6826,960083
6827,960084
6828,963336
6829,966677
6830,966679
6831,966680
6832,966682
6833,966683
6834,966684
6835,966685
6836,966686
6837,966692
6838,968839
6839,968847
6840,969062
6841,969063
6842,969064
6843,969065
6844,969066
6845,969067
6846,969068
6847,969127
6848,969173
6849,969260
6850,969413
6851,969663
6852,969707
6853,969842
6854,969843
6855,969844
6856,969845
6857,969996
6858,969997
6859,969998
6860,969999
6861,970000
6862,970001
6863,970002
6864,970352
6865,978078
6866,978079
6867,978080
6868,978081
6869,978240
6870,978241
6871,978242
6872,978243
6873,978244
6874,978245
6875,978246
6876,978247
6877,978248
6878,978249
6879,978250
6880,978251
6881,978252
6882,978253
6883,978254
6884,978255
6885,978256
6886,978257
6887,978258
6888,978259
6889,978260
6890,978261
6891,978262
6892,978263
6893,978264
6894,979206
6895,983413
6896,983416
6897,983443
6898,983476
6899,983587
6900,983588
6901,983589
6902,983590
6903,983591
6904,983592
6905,983593
6906,983594
6907,983595
6908,983596
6909,983597
6910,983598
6911,983599
6912,983600
6913,983601
6914,983602
6915,983603
6916,983604
6917,983605
6918,983606
6919,983607
6920,983608
6921,983609
6922,983610
6923,983611
6924,983612
6925,983613
6926,983614
6927,983615
6928,983616
6929,983617
6930,983618
6931,983619
6932,983620
6933,983621
6934,983622
6935,983623
6936,983624
6937,983625
6938,983626
6939,983627
6940,983628
6941,983629
6942,983630
6943,983631
6944,983632
6945,983633
6946,983634
6947,983635
6948,983636
6949,984284
6950,984287
6951,984289
6952,984290
6953,984302
6954,984305
6955,984306
6956,984310
6957,984311
6958,984313
6959,984332
6960,984333
6961,992242
6962,992262
6963,1005529
6964,1005530
6965,1005573
6966,1008108
6967,1012030
6968,1012853
6969,1012875
6970,1012877
6971,1012879
6972,1012880
6973,1012934
6974,1013995
6975,1014924
6976,1017136
6977,1017137
6978,1017139
6979,1017140
6980,1017142
6981,1017143
6982,1017213
6983,1017228
6984,1017932
6985,1017939
6986,1017941
6987,1017946
6988,1017953
6989,1017958
6990,1017961
6991,1017963
6992,1017965
6993,1017966
6994,1017968
6995,1017969
6996,1017971
6997,1017974
6998,1019756
6999,1019757
7000,1019762
7001,1019766
7002,1019767
7003,1023165
7004,1023166
7005,1023167
7006,1023169
7007,1024716
7008,1025130
7009,1025162
7010,1028188
7011,1028230
7012,1028237
7013,1028268
7014,1028269
7015,1028271
7016,1028272
7017,1028273
7018,1028274
7019,1028275
7020,1028276
7021,1028277
7022,1028284
7023,1028285
7024,1028289
7025,1030636
7026,1030637
7027,1030640
7028,1030642
7029,1030643
7030,1030645
7031,1030646
7032,1030647
7033,1030649
7034,1030651
7035,1030652
7036,1030654
7037,1030655
7038,1030657
7039,1030663
7040,1030668
7041,1030670
7042,1030671
7043,1030672
7044,1030673
7045,1030674
7046,1030675
7047,1030676
7048,1030677
7049,1030678
7050,1030679
7051,1030680
7052,1030681
7053,1030682
7054,1030683
7055,1030684
7056,1030685
7057,1030686
7058,1030687
7059,1030688
7060,1030689
7061,1030690
7062,1030691
7063,1030692
7064,1030693
7065,1030694
7066,1030695
7067,1031562
7068,1031564
7069,1031566
7070,1031568
7071,1031994
7072,1032008
7073,1032020
7074,1032024
7075,1032025
7076,1032027
7077,1032029
7078,1032030
7079,1032031
7080,1039062
7081,1039063
7082,1039065
7083,1039067
7084,1039068
7085,1039071
7086,1039079
7087,1039086
7088,1039089
7089,1039090
7090,1039091
7091,1039093
7092,1039094
7093,1039096
7094,1039097
7095,1039101
7096,1039106
7097,1039107
7098,1039108
7099,1049231
7100,1049236
7101,1049239
7102,1049241
7103,1049242
7104,1049245
7105,1049624
7106,1049625
7107,1049628
7108,1049631
7109,1055958
7110,1057487
7111,1057488
7112,1057489
7113,1057490
7114,1057491
7115,1057492
7116,1057493
7117,1057494
7118,1057496
7119,1057505
7120,1057527
7121,1057531
7122,1057532
7123,1057533
7124,1057534
7125,1057535
7126,1057536
7127,1057537
7128,1057538
7129,1057550
7130,1057639
7131,1057682
7132,1057727
7133,1057728
7134,1057902
7135,1057959
7136,1057960
7137,1057961
7138,1057962
7139,1057963
7140,1057964
7141,1057965
7142,1057966
7143,1057967
7144,1058047
7145,1058049
7146,1058050
7147,1058051
7148,1058052
7149,1058053
7150,1058055
7151,1059242
7152,1059243
7153,1059244
7154,1059249
7155,1059252
7156,1059254
7157,1059255
7158,1059256
7159,1059259
7160,1059260
7161,1059261
7162,1059271
7163,1059272
7164,1059273
7165,1059274
7166,1059276
7167,1059277
7168,1059837
7169,1071206
7170,1071210
7171,1071350
7172,1071361
7173,1071362
7174,1071363
7175,1071364
7176,1071365
7177,1071367
7178,1071368
7179,1071389
7180,1071394
7181,1071399
7182,1071400
7183,1073141
7184,1073146
7185,1073147
7186,1073148
7187,1073149
7188,1073153
7189,1073157
7190,1077313
7191,1078646
7192,1078654
7193,1078655
7194,1078656
7195,1078657
7196,1078658
7197,1078735
7198,1079125
7199,1079400
7200,1080239
7201,1080240
7202,1080264
7203,1080568
7204,1085668
7205,1085669
7206,1085670
7207,1086490
7208,1086617
7209,1086627
7210,1086642
7211,1086800
7212,1086801
7213,1086807
7214,1086841
7215,1087183
7216,1087184
7217,1087193
7218,1093880
7219,1093884
7220,1093886
7221,1093887
7222,1093893
7223,1093908
7224,1093911
7225,1093916
7226,1093920
7227,1093932
7228,1093933
7229,1093935
7230,1093936
7231,1093937
7232,1093960
7233,1093995
7234,1094016
7235,1094612
7236,1094664
7237,1095712
7238,1095730
7239,1095731
7240,1095756
7241,1095757
7242,1095758
7243,1095759
7244,1095760
7245,1095761
7246,1097793
7247,1097794
7248,1097795
7249,1097796
7250,1097797
7251,1097799
7252,1097801
7253,1101935
7254,1101936
7255,1101937
7256,1101940
7257,1101941
7258,1101950
7259,1101958
7260,1101979
7261,1106534
7262,1107073
7263,1107074
7264,1107075
